序号,食物名称,食物热量,食物营养信息链接
1,年糕（低糖桂花年糕），又叫蒙尔司 低糖年糕（桂花糖年糕）,热量：156 大卡(每100克),http://www.boohee.com/shiwu/niangao
2,麦片,热量：368 大卡(每100克),http://www.boohee.com/shiwu/maipian
3,牛角面包，又叫面包,热量：378 大卡(每100克),http://www.boohee.com/shiwu/fashiniujiaomianbao
4,红烧牛肉方便面（面饼+调味料+蔬菜+肉酱）,热量：447 大卡(每100克),http://www.boohee.com/shiwu/hongshaoniuroufangbianmian_mianbingdiaoweiliaoshucairoujiang
5,双层奶酪汉堡（夹奶酪，双层肉饼、双层面包，加调料酱和蔬菜）,热量：285 大卡(每100克),http://www.boohee.com/shiwu/ganlaohanbaobao_putongxing_jianailao_shuangcengroubing_shuangcengmianbao_jiadiao
6,山药，又叫薯蓣、山芋、诸薯、延草、薯药、大薯,热量：57 大卡(每100克),http://www.boohee.com/shiwu/shanyao
7,炒饭，又叫炒米饭,热量：188 大卡(每100克),http://www.boohee.com/shiwu/shijinchaofan
8,芋头，又叫芋艿、毛芋,热量：56 大卡(每100克),http://www.boohee.com/shiwu/yutou
9,葡萄干面包，又叫面包,热量：260 大卡(每100克),http://www.boohee.com/shiwu/putaoganmianbao
10,咸面包,热量：275 大卡(每100克),http://www.boohee.com/shiwu/xianmianbao
11,小米粥,热量：46 大卡(每100克),http://www.boohee.com/shiwu/xiaomizhou
12,马铃薯，又叫土豆、洋芋、地蛋、山药蛋、洋番薯,热量：81 大卡(每100克),http://www.boohee.com/shiwu/malingshu
13,包子（猪肉馅）,热量：227 大卡(每100克),http://www.boohee.com/shiwu/baozi_zhurouxian
14,米饭，又叫大米饭，饭，蒸米,热量：116 大卡(每100克),http://www.boohee.com/shiwu/mifan_zheng
15,白薯，又叫山芋、红皮山芋，地瓜、甘薯,热量：106 大卡(每100克),http://www.boohee.com/shiwu/ganshu_baixin
16,大米，又叫稻米、米、生米,热量：346 大卡(每100克),http://www.boohee.com/shiwu/daomi_junzhi
17,全麦面包，又叫全麦面包、全麦吐司、全麦面包片,热量：246 大卡(每100克),http://www.boohee.com/shiwu/maipeimianbao
18,烙饼,热量：259 大卡(每100克),http://www.boohee.com/shiwu/laobing_biaozhunfen
19,花卷,热量：214 大卡(每100克),http://www.boohee.com/shiwu/huajuan
20,油条,热量：388 大卡(每100克),http://www.boohee.com/shiwu/youtiao
21,方便面，又叫泡面,热量：473 大卡(每100克),http://www.boohee.com/shiwu/fangbianmian
22,果料面包，又叫面包、水果面包,热量：279 大卡(每100克),http://www.boohee.com/shiwu/guoliaomianbao
23,红豆，又叫赤小豆、红小豆、红饭豆、米赤豆、赤豆、朱小豆,热量：324 大卡(每100克),http://www.boohee.com/shiwu/chixiaodou
24,餐包，又叫小餐包、面包,热量：284 大卡(每100克),http://www.boohee.com/shiwu/fashipeicanmianbao
25,烧饼(加糖),热量：298 大卡(每100克),http://www.boohee.com/shiwu/shaobing_jiatang
26,绿豆（干），又叫青小豆、植豆、交豆,热量：329 大卡(每100克),http://www.boohee.com/shiwu/lvdou
27,薏米，又叫薏苡、薏苡仁、六谷米、苡米、薏仁米、沟子米、苡仁、薏仁,热量：361 大卡(每100克),http://www.boohee.com/shiwu/yimi
28,粉丝（干），又叫细粉、线粉、丝粉、古称索粉,热量：338 大卡(每100克),http://www.boohee.com/shiwu/fensi
29,面条(标准粉，切面),热量：283 大卡(每100克),http://www.boohee.com/shiwu/miantiao_biaozhunfen_qiemian
30,麦维面包,热量：270 大卡(每100克),http://www.boohee.com/shiwu/maiweimianbao
31,嘉顿 生命面包 450g,热量：284 大卡(每100克),http://www.boohee.com/shiwu/shengmingmaibaopaiquanmaiqiepianmianbao
32,包子（三鲜馅）,热量：223 大卡(每100克),http://www.boohee.com/shiwu/baozi_sanxianxian
33,馒头,热量：223 大卡(每100克),http://www.boohee.com/shiwu/mantou_junzhi
34,油饼,热量：403 大卡(每100克),http://www.boohee.com/shiwu/youbing
35,Easy Fun 低脂全麦面包,热量：259 大卡(每100克),http://www.boohee.com/shiwu/fd6ac35c
36,Easy Fun 紫薯营养粥（2019款）,热量：319 大卡(每100克),http://www.boohee.com/shiwu/fde8f0ff
37,单层汉堡（夹肉饼，加调料酱和蔬菜）,热量：256 大卡(每100克),http://www.boohee.com/shiwu/hanbaobao_putongxing_jiaroubing_jiadiaoliaojiangheshucai
38,紫薯，又叫甘薯（紫色）,热量：106 大卡(每100克),http://www.boohee.com/shiwu/zishu
39,米粉（干），又叫粉,热量：349 大卡(每100克),http://www.boohee.com/shiwu/mifen
40,黄油面包,热量：331 大卡(每100克),http://www.boohee.com/shiwu/huangyoumianbao
41,Easy Fun 紫薯营养粥,热量：317 大卡(每100克),http://www.boohee.com/shiwu/fdd9b123
42,白粥，又叫白粥（粳米），稀饭，大米粥，白米粥，米粥，大米汤汤,热量：46 大卡(每100克),http://www.boohee.com/shiwu/jingmizhou
43,稀饭，又叫白粥（籼米），大米粥，白米粥,热量：59 大卡(每100克),http://www.boohee.com/shiwu/xianmizhou
44,玉米（鲜），又叫苞谷、珍珠米、棒子、玉蜀黍、苞米、六谷,热量：112 大卡(每100克),http://www.boohee.com/shiwu/yumi_xian
45,燕麦片，又叫燕麦,热量：338 大卡(每100克),http://www.boohee.com/shiwu/yanmaipian
46,面条（生），又叫面,热量：301 大卡(每100克),http://www.boohee.com/shiwu/miantiao_junzhi
47,面条（煮），又叫面,热量：110 大卡(每100克),http://www.boohee.com/shiwu/miantiao_fuqiangfen_zhu
48,籼米粉，又叫米线、米粉、粉,热量：356 大卡(每100克),http://www.boohee.com/shiwu/xianmifen
49,面包,热量：313 大卡(每100克),http://www.boohee.com/shiwu/mianbao_junzhi
50,红薯，又叫地瓜、番薯、甘薯,热量：61 大卡(每100克),http://www.boohee.com/shiwu/ganshu_hongxin
51,珍珠玉米，又叫玉米,热量：66 大卡(每100克),http://www.boohee.com/shiwu/fdc6c0b5
52,糯玉米，又叫玉米,热量：172 大卡(每100克),http://www.boohee.com/shiwu/fd111062
53,紫玉米，又叫玉米,热量：168 大卡(每100克),http://www.boohee.com/shiwu/fd5c2fad
54,糯米，又叫元米、江米,热量：350 大卡(每100克),http://www.boohee.com/shiwu/nuomi_junzhi
55,马铃薯粉，又叫土豆粉,热量：340 大卡(每100克),http://www.boohee.com/shiwu/malingshufen
56,蒸红薯，又叫蒸地瓜,热量：75 大卡(每100克),http://www.boohee.com/shiwu/zhenghongshu
57,豌豆（干），又叫回回豆、雪豆、寒豆、麦豆、毕豆、留豆,热量：334 大卡(每100克),http://www.boohee.com/shiwu/wandou
58,玉米(黄，干)，又叫苞谷、棒子、玉蜀黍,热量：348 大卡(每100克),http://www.boohee.com/shiwu/yumi_huang_gan
59,饺子（猪肉香菇馅），又叫水饺（猪肉香菇馅）,热量：231 大卡(每100克),http://www.boohee.com/shiwu/jiaozi_zhurouxiangguxian
60,小米，又叫粟米、稞子、秫子、黏米、白梁粟、粟谷,热量：361 大卡(每100克),http://www.boohee.com/shiwu/xiaomi
61,麦当劳 巨无霸汉堡,热量：249 大卡(每100克),http://www.boohee.com/shiwu/maidanglaojuwubahanbao
62,麦当劳 原味板烧鸡腿堡,热量：236 大卡(每100克),http://www.boohee.com/shiwu/maidanglaoyuanweibanshaojituibao
63,糙米,热量：348 大卡(每100克),http://www.boohee.com/shiwu/caomi_weizheng
64,玉米(白，干)，又叫苞谷、棒子、玉蜀黍,热量：352 大卡(每100克),http://www.boohee.com/shiwu/yumi_bai_gan
65,麦当劳 吉士蛋堡,热量：217 大卡(每100克),http://www.boohee.com/shiwu/maidanglaojishidanbao_zaocan
66,饺子/馄饨（半荤），又叫水饺（半荤）、小馄饨,热量：223 大卡(每100克),http://www.boohee.com/shiwu/jiaozi_zhurouhuixiangxian
67,玉米糁(黄),热量：326 大卡(每100克),http://www.boohee.com/shiwu/yumisan_huang
68,麦当劳 不素之霸,热量：244 大卡(每100克),http://www.boohee.com/shiwu/fd8f98dd
69,甜玉米，又叫玉米,热量：107 大卡(每100克),http://www.boohee.com/shiwu/fd79c794
70,水果玉米，又叫玉米,热量：105 大卡(每100克),http://www.boohee.com/shiwu/fd352c04
71,顶味 鸡蛋面,热量：358 大卡(每100克),http://www.boohee.com/shiwu/dingweijidanmian
72,意大利面（通心粉），又叫意面,热量：351 大卡(每100克),http://www.boohee.com/shiwu/tongxinmian
73,凉粉(带调料),热量：51 大卡(每100克),http://www.boohee.com/shiwu/liangfen_daidiaoliao
74,伊田面馆 拉面,热量：168 大卡(每100克),http://www.boohee.com/shiwu/yitianmianguanhilamian
75,面条(干切面),热量：355 大卡(每100克),http://www.boohee.com/shiwu/miantiao_ganqiemian
76,玉米片(即食粥),热量：391 大卡(每100克),http://www.boohee.com/shiwu/yumipian_jishizhou
77,肯德基 香辣鸡腿堡,热量：257 大卡(每100克),http://www.boohee.com/shiwu/kendejixianglajituibao
78,麦当劳 猪柳麦满分,热量：269 大卡(每100克),http://www.boohee.com/shiwu/maidanglaozhuliumaimanfen
79,面条(富强粉，切面),热量：285 大卡(每100克),http://www.boohee.com/shiwu/miantiao_fuqiangfen_qiemian
80,麦当劳 猪柳蛋麦满分,热量：233 大卡(每100克),http://www.boohee.com/shiwu/fd41682e
81,麦当劳 吉士汉堡包,热量：255 大卡(每100克),http://www.boohee.com/shiwu/maidanglaojishihanbao
82,魔芋精粉,热量：186 大卡(每100克),http://www.boohee.com/shiwu/moyujingfen
83,麦当劳 双层吉士汉堡,热量：288 大卡(每100克),http://www.boohee.com/shiwu/maidanglaoshuangcengjishihanbao
84,椰圈面包，又叫椰丝面包、面包,热量：320 大卡(每100克),http://www.boohee.com/shiwu/yequanmianbao
85,三明治（夹鸡蛋、干酪）,热量：234 大卡(每100克),http://www.boohee.com/shiwu/sanmingzhi_jiahuotui_jidan
86,私房小厨苡仁粉,热量：449 大卡(每100克),http://www.boohee.com/shiwu/sifangxiaochuyirenfen
87,麦当劳 麦辣鸡腿汉堡,热量：320 大卡(每100克),http://www.boohee.com/shiwu/maidanglaomailajituihanbao
88,奶香馒头,热量：268 大卡(每100克),http://www.boohee.com/shiwu/siniannaixiangmantou
89,麦当劳 培根蔬萃双层牛堡,热量：202 大卡(每100克),http://www.boohee.com/shiwu/maidanglaoxianshuzuzunniubao
90,三明治（夹火腿、干酪）,热量：244 大卡(每100克),http://www.boohee.com/shiwu/sanmingzhi_jiahuotui_ganlao
91,黑芝麻汤圆，又叫元宵,热量：311 大卡(每100克),http://www.boohee.com/shiwu/heizhimatangyuan
92,黑米,热量：341 大卡(每100克),http://www.boohee.com/shiwu/heimi
93,芋头(煮),热量：60 大卡(每100克),http://www.boohee.com/shiwu/yutou_zhu
94,多维面包,热量：316 大卡(每100克),http://www.boohee.com/shiwu/duoweimianbao
95,小麦粉(标准粉)，又叫面粉,热量：362 大卡(每100克),http://www.boohee.com/shiwu/xiaomaifen_biaozhunfen
96,澳洲燕麦片,热量：359 大卡(每100克),http://www.boohee.com/shiwu/aozhouyanmaipian
97,玉米面(黄),热量：350 大卡(每100克),http://www.boohee.com/shiwu/yumimian_huang
98,挂面,热量：353 大卡(每100克),http://www.boohee.com/shiwu/guamian_junzhi
99,粉条（干）,热量：338 大卡(每100克),http://www.boohee.com/shiwu/fentiao
100,麦当劳 汉堡包,热量：262 大卡(每100克),http://www.boohee.com/shiwu/fd46d808
101,鸡蛋白（鸡蛋清），又叫鸡蛋白、鸡蛋清、蛋清、蛋白,热量：60 大卡(每100克),http://www.boohee.com/shiwu/jidanbai_jidanqing
102,火腿肠,热量：212 大卡(每100克),http://www.boohee.com/shiwu/huotuichang
103,鸡胸脯肉，又叫鸡柳肉、鸡里脊肉、鸡胸、鸡胸肉,热量：133 大卡(每100克),http://www.boohee.com/shiwu/jixiongfurou
104,牛肉（牛腩），又叫腹部肉,热量：332 大卡(每100克),http://www.boohee.com/shiwu/niurou_fuburou
105,荷包蛋（油煎），又叫荷包蛋、煎蛋、煎荷包蛋、煎鸡蛋,热量：199 大卡(每100克),http://www.boohee.com/shiwu/hebaodan_youjian
106,咸鸭蛋，又叫盐蛋、腌蛋、味蛋,热量：190 大卡(每100克),http://www.boohee.com/shiwu/xianyadan
107,猪肉(肥瘦)，又叫豕肉、彘肉,热量：395 大卡(每100克),http://www.boohee.com/shiwu/zhurou_feishou
108,瓦罐鸡汤（含料）,热量：190 大卡(每100克),http://www.boohee.com/shiwu/waguanjitang_rou
109,瓦罐鸡汤（无料）,热量：27 大卡(每100克),http://www.boohee.com/shiwu/waguanjitang_tang
110,猪小排（良杂猪）,热量：351 大卡(每100克),http://www.boohee.com/shiwu/zhuxiaopai_liangzazhu
111,鸡蛋，又叫鸡子、鸡卵、蛋,热量：144 大卡(每100克),http://www.boohee.com/shiwu/jidan_junzhi
112,猪小排，又叫排骨、猪排,热量：278 大卡(每100克),http://www.boohee.com/shiwu/zhuxiaopai
113,鸡（土鸡，家养),热量：124 大卡(每100克),http://www.boohee.com/shiwu/ji_tuji_jiayang
114,鸡（母鸡，一年内）,热量：256 大卡(每100克),http://www.boohee.com/shiwu/muji_yiniannei
115,鸡（肉鸡，肥）,热量：389 大卡(每100克),http://www.boohee.com/shiwu/rouji_fei
116,鸭肉，又叫鸭子、鹜肉、家凫肉,热量：240 大卡(每100克),http://www.boohee.com/shiwu/ya_junzhi
117,猪蹄，又叫猪脚、猪手、猪蹄爪,热量：260 大卡(每100克),http://www.boohee.com/shiwu/zhuti
118,螃蟹（河蟹），又叫螃蟹、毛蟹、稻蟹、中华绒螯蟹、横行介士、无肠公子,热量：103 大卡(每100克),http://www.boohee.com/shiwu/hexie
119,猪肉（瘦），又叫猪精肉，瘦肉,热量：143 大卡(每100克),http://www.boohee.com/shiwu/zhurou_shou
120,鸡蛋（煮），又叫水煮蛋，白煮蛋，煮蛋，煮鸡蛋,热量：151 大卡(每100克),http://www.boohee.com/shiwu/jidan_zhu
121,鸡腿，又叫鸡腿肉,热量：181 大卡(每100克),http://www.boohee.com/shiwu/jitui
122,酱牛肉,热量：246 大卡(每100克),http://www.boohee.com/shiwu/jiangniurou
123,鱼丸,热量：107 大卡(每100克),http://www.boohee.com/shiwu/yuwan
124,香肠，又叫腊肠、南肠、灌肠,热量：508 大卡(每100克),http://www.boohee.com/shiwu/xiangchang
125,牛肉（瘦）,热量：106 大卡(每100克),http://www.boohee.com/shiwu/niurou_shou
126,肯德基 吮指原味鸡,热量：346 大卡(每100克),http://www.boohee.com/shiwu/kendejishunzhiyuanweiji
127,鲫鱼，又叫河鲫、鲋鱼、喜头、鲫瓜子、喜头鱼、海附鱼、童子鲫、鲭,热量：108 大卡(每100克),http://www.boohee.com/shiwu/jiyu
128,火腿，又叫兰熏、熏蹄、南腿,热量：330 大卡(每100克),http://www.boohee.com/shiwu/huotui
129,牛肉干，又叫牛干巴,热量：550 大卡(每100克),http://www.boohee.com/shiwu/niurougan
130,咸鸭蛋（煮）,热量：177 大卡(每100克),http://www.boohee.com/shiwu/xianyadan_zhu
131,松花蛋(鸡蛋)，又叫皮蛋、变蛋、彩蛋、碱蛋、泥蛋,热量：178 大卡(每100克),http://www.boohee.com/shiwu/songhuadan_jidan
132,猪肉(奶脯)，又叫软五花、奶脯、五花肉,热量：349 大卡(每100克),http://www.boohee.com/shiwu/zhurou_naifu
133,猪大排，又叫猪排,热量：264 大卡(每100克),http://www.boohee.com/shiwu/zhudapai
134,牛肉(肥瘦)，又叫肥牛,热量：125 大卡(每100克),http://www.boohee.com/shiwu/niurou_feishou
135,牛肉(里脊)，又叫牛里脊,热量：107 大卡(每100克),http://www.boohee.com/shiwu/niurou_liji
136,松花蛋(鸭蛋)，又叫皮蛋,热量：171 大卡(每100克),http://www.boohee.com/shiwu/songhuadan_yadan
137,草鱼，又叫鲩鱼、混子、草鲩、草包鱼、草根鱼、草青、白鲩,热量：113 大卡(每100克),http://www.boohee.com/shiwu/caoyu
138,鸡蛋(土鸡),热量：138 大卡(每100克),http://www.boohee.com/shiwu/jidan_tuji
139,鸡蛋（白皮）,热量：138 大卡(每100克),http://www.boohee.com/shiwu/jidan_baipi
140,鸡蛋(红皮),热量：156 大卡(每100克),http://www.boohee.com/shiwu/jidan_hongpi
141,鸡翅，又叫鸡翼、大转弯,热量：194 大卡(每100克),http://www.boohee.com/shiwu/jichi
142,烤鸡,热量：240 大卡(每100克),http://www.boohee.com/shiwu/kaoji
143,热狗肠,热量：307 大卡(每100克),http://www.boohee.com/shiwu/regouchang
144,鹌鹑蛋，又叫鹑鸟蛋、鹌鹑卵,热量：160 大卡(每100克),http://www.boohee.com/shiwu/anchundan
145,鲤鱼，又叫龙门鱼、鲤拐子、赤鲤、黄鲤、白鲤、赖鲤,热量：109 大卡(每100克),http://www.boohee.com/shiwu/liyu
146,明虾,热量：85 大卡(每100克),http://www.boohee.com/shiwu/mingxia
147,北京烤鸭,热量：436 大卡(每100克),http://www.boohee.com/shiwu/beijingkaoya
148,鱼片干,热量：303 大卡(每100克),http://www.boohee.com/shiwu/yupiangan
149,鸡爪，又叫鸡掌、凤爪、鸡脚、凤足,热量：254 大卡(每100克),http://www.boohee.com/shiwu/jizhua
150,鸡蛋黄，又叫蛋黄,热量：328 大卡(每100克),http://www.boohee.com/shiwu/jidanhuang
151,无油煎蛋，又叫煎蛋,热量：164 大卡(每100克),http://www.boohee.com/shiwu/hebaodan_zhu
152,叉烧肉,热量：279 大卡(每100克),http://www.boohee.com/shiwu/chashaorou
153,广东香肠,热量：433 大卡(每100克),http://www.boohee.com/shiwu/guangdongxiangchang
154,肯德基 新奥尔良烤翅,热量：240 大卡(每100克),http://www.boohee.com/shiwu/xinaoerliangjichi_kendeji
155,黄鱼(小黄花鱼)，又叫小黄花鱼、黄花鱼、花鱼、小鲜,热量：99 大卡(每100克),http://www.boohee.com/shiwu/huangyu_xiaohuanghuayu
156,青鱼，又叫青皮鱼、青鳞鱼、青混、鲭、黑鲩、螺狮青,热量：118 大卡(每100克),http://www.boohee.com/shiwu/qingyu
157,鸭蛋，又叫鸭卵,热量：180 大卡(每100克),http://www.boohee.com/shiwu/yadan
158,猪肉松，又叫肉松,热量：396 大卡(每100克),http://www.boohee.com/shiwu/zhurousong_junzhi
159,猪肉(里脊)，又叫梅肉、里脊肉,热量：155 大卡(每100克),http://www.boohee.com/shiwu/zhurou_liji
160,麦当劳 麦香鱼,热量：253 大卡(每100克),http://www.boohee.com/shiwu/maidanglaomaixiangyu
161,羊肉(肥瘦)，又叫山羊肉、绵羊肉、羊腰窝肉、羊腩,热量：203 大卡(每100克),http://www.boohee.com/shiwu/yangrou_feishou
162,蛤蜊，又叫花甲,热量：45 大卡(每100克),http://www.boohee.com/shiwu/huageli
163,墨鱼丸,热量：128 大卡(每100克),http://www.boohee.com/shiwu/moyuwan
164,鱿鱼(水浸),热量：75 大卡(每100克),http://www.boohee.com/shiwu/youyu_shuijin
165,黄鱼(大黄花鱼)，又叫大黄花鱼、黄鱼、大鲜、大王鱼、金龙、石首鱼、石头鱼,热量：97 大卡(每100克),http://www.boohee.com/shiwu/huangyu_dahuanghuayu
166,带鱼，又叫刀鱼、裙带鱼、牙带、白带鱼、柳鞭鱼、带柳、晦刀鱼,热量：127 大卡(每100克),http://www.boohee.com/shiwu/daiyu
167,脆皮肠,热量：302 大卡(每100克),http://www.boohee.com/shiwu/cuipichang
168,酱鸭，又叫鸭肉,热量：266 大卡(每100克),http://www.boohee.com/shiwu/jiangya
169,河虾,热量：87 大卡(每100克),http://www.boohee.com/shiwu/hexia
170,鸭翅，又叫鸭肉,热量：146 大卡(每100克),http://www.boohee.com/shiwu/yachi
171,猪血，又叫液体肉、血豆腐、血花,热量：55 大卡(每100克),http://www.boohee.com/shiwu/zhuxue
172,猪蹄(熟),热量：260 大卡(每100克),http://www.boohee.com/shiwu/zhuti_shu
173,虾仁（红）,热量：48 大卡(每100克),http://www.boohee.com/shiwu/xiaren_hong
174,猪肉(肋条肉),热量：568 大卡(每100克),http://www.boohee.com/shiwu/zhurou_leitiaorou
175,虾皮,热量：153 大卡(每100克),http://www.boohee.com/shiwu/xiapi
176,羊肉串(烤),热量：206 大卡(每100克),http://www.boohee.com/shiwu/yangrouchuan_kao
177,基围虾,热量：101 大卡(每100克),http://www.boohee.com/shiwu/jiweixia
178,猪肝,热量：129 大卡(每100克),http://www.boohee.com/shiwu/zhugan
179,鸭胸脯肉,热量：90 大卡(每100克),http://www.boohee.com/shiwu/yaxiongfurou
180,虾虎，又叫虾虎、琵琶虾、虾蛄、虾爬子,热量：81 大卡(每100克),http://www.boohee.com/shiwu/xiahu
181,培根（熏肉）,热量：181 大卡(每100克),http://www.boohee.com/shiwu/larou_peigen
182,麦当劳 麦乐鸡,热量：281 大卡(每100克),http://www.boohee.com/shiwu/maidanglaohimaileji_5kuaizhuan
183,虾米，又叫海米、金钩、开洋,热量：198 大卡(每100克),http://www.boohee.com/shiwu/xiami
184,麦当劳 香骨鸡腿,热量：217 大卡(每100克),http://www.boohee.com/shiwu/fdc11eae
185,麦当劳 麦辣鸡翅,热量：210 大卡(每100克),http://www.boohee.com/shiwu/mailajichi4kuai_maidanglao
186,鲳鱼，又叫银鲳、镜鱼 鲳鱼,热量：140 大卡(每100克),http://www.boohee.com/shiwu/changyu
187,麦当劳 那么大鸡小块,热量：257 大卡(每100克),http://www.boohee.com/shiwu/fd710c89
188,牛肉(后腿),热量：106 大卡(每100克),http://www.boohee.com/shiwu/niurou_houtui
189,猪肉脯,热量：378 大卡(每100克),http://www.boohee.com/shiwu/zhuroufu
190,广式腊肠,热量：584 大卡(每100克),http://www.boohee.com/shiwu/lachang
191,罗非鱼，又叫吴郭鱼、越南鱼、非洲鲫鱼、福寿鱼、尼罗鱼,热量：98 大卡(每100克),http://www.boohee.com/shiwu/luofeiyu
192,鳕鱼，又叫鳕狭、明太鱼、大头青、大口鱼、大头鱼、大头腥,热量：88 大卡(每100克),http://www.boohee.com/shiwu/xueyu
193,午餐肉,热量：229 大卡(每100克),http://www.boohee.com/shiwu/wucanrou
194,鱿鱼(干)，又叫土鱿,热量：313 大卡(每100克),http://www.boohee.com/shiwu/youyu_gan
195,鸭肝,热量：128 大卡(每100克),http://www.boohee.com/shiwu/yagan
196,猪肝(卤煮),热量：203 大卡(每100克),http://www.boohee.com/shiwu/zhugan_luzhu
197,牛肉(后腱),热量：98 大卡(每100克),http://www.boohee.com/shiwu/niurou_houjian
198,鸡肝,热量：121 大卡(每100克),http://www.boohee.com/shiwu/jigan
199,鲈鱼，又叫鲈花、鲈板、鲈子鱼、寨花、四腮鱼、鲁鱼、花糜,热量：105 大卡(每100克),http://www.boohee.com/shiwu/luyu
200,对虾，又叫大虾,热量：93 大卡(每100克),http://www.boohee.com/shiwu/duixia
201,酸奶（果粒）,热量：97 大卡(每100毫升),http://www.boohee.com/shiwu/suannai_guoli
202,蒙牛 高钙牛奶,热量：59 大卡(每100毫升),http://www.boohee.com/shiwu/mengniugaogainiunai
203,脱脂牛奶，又叫脱脂奶,热量：33 大卡(每100毫升),http://www.boohee.com/shiwu/niuru_tuozhi_pamalate
204,光明 e+益生菌酸牛奶（原味）220ml （袋装）,热量：45 大卡(每100克),http://www.boohee.com/shiwu/guangmingeyishengjunsuanniunai_yuanwei
205,低脂牛奶，又叫低脂奶 脱脂奶,热量：43 大卡(每100毫升),http://www.boohee.com/shiwu/niuru_bufentuozhi_pamalate
206,早餐奶,热量：68 大卡(每100克),http://www.boohee.com/shiwu/zaocannai
207,酸奶（高蛋白）,热量：62 大卡(每100毫升),http://www.boohee.com/shiwu/suannai_gaodanbai
208,奶片,热量：472 大卡(每100克),http://www.boohee.com/shiwu/naipian
209,全脂牛奶粉,热量：478 大卡(每100克),http://www.boohee.com/shiwu/quanzhiniunaifen
210,光明 纯牛奶，又叫光明牛奶,热量：66 大卡(每100毫升),http://www.boohee.com/shiwu/fded1a79
211,酸奶,热量：72 大卡(每100毫升),http://www.boohee.com/shiwu/suannai_junzhi
212,全脂牛奶，又叫纯牛奶，牛乳,热量：54 大卡(每100毫升),http://www.boohee.com/shiwu/niuru_junzhi
213,拿铁（全脂，无糖），又叫拿铁咖啡,热量：44 大卡(每100毫升),http://www.boohee.com/shiwu/fdbb1893
214,奶酪，又叫乳酪、芝士、起司、计司,热量：328 大卡(每100克),http://www.boohee.com/shiwu/nailao
215,酸奶（中脂）,热量：64 大卡(每100毫升),http://www.boohee.com/shiwu/suannai_zhongzhi
216,脱脂酸奶,热量：57 大卡(每100毫升),http://www.boohee.com/shiwu/suannai_tuozhi
217,脱脂奶粉,热量：356 大卡(每100克),http://www.boohee.com/shiwu/tuozhinaifen
218,酸奶（调味）,热量：88 大卡(每100毫升),http://www.boohee.com/shiwu/suannai_diaowei
219,光明 鲜牛奶，又叫光明鲜奶、光明牛奶,热量：60 大卡(每100毫升),http://www.boohee.com/shiwu/niuru_guangmingpai
220,酸奶(果料)，又叫果料酸奶,热量：67 大卡(每100毫升),http://www.boohee.com/shiwu/suannai_guoliao
221,光明 优倍 高品质鲜牛奶,热量：65 大卡(每100毫升),http://www.boohee.com/shiwu/fd962a6c
222,光明 优倍 0脂肪 高品质脱脂鲜牛奶,热量：35 大卡(每100毫升),http://www.boohee.com/shiwu/fd460d85
223,光明 优倍 0乳糖 巴士杀菌调制乳,热量：67 大卡(每100毫升),http://www.boohee.com/shiwu/fdb14fc7
224,光明 致优 全鲜乳,热量：63 大卡(每100毫升),http://www.boohee.com/shiwu/fdb47466
225,光明 0脂肪 鲜牛奶,热量：32 大卡(每100毫升),http://www.boohee.com/shiwu/fd458bc8
226,牛奶(强化VA，VD)，又叫牛乳(强化VA，VD),热量：51 大卡(每100毫升),http://www.boohee.com/shiwu/niuru_qianghuaVA_VD
227,光明 低脂牛奶,热量：43 大卡(每100毫升),http://www.boohee.com/shiwu/guangmingdizhiniunai
228,蒙牛 木糖醇酸牛奶,热量：63 大卡(每100克),http://www.boohee.com/shiwu/mengniusuanniunaimutangchun
229,低脂奶酪,热量：241 大卡(每100克),http://www.boohee.com/shiwu/dizhinailao
230,伊利 无蔗糖酸牛奶（利乐包）150g,热量：52 大卡(每100毫升),http://www.boohee.com/shiwu/yiliwuzhetangsuanniunai
231,蒙牛 酸牛奶（草莓+树莓）100g （小盒装）,热量：92 大卡(每100克),http://www.boohee.com/shiwu/mengniusuanniunai_caomeishumeiguoli
232,光明减脂90%脱脂鲜牛奶,热量：32 大卡(每100毫升),http://www.boohee.com/shiwu/guangmingjianzhi90tuozhixianniunai
233,伊利优品嘉人优酪乳（原味）,热量：73 大卡(每100克),http://www.boohee.com/shiwu/yiliyoupinjiarenyoulaoru_yuanwei
234,光明畅优红枣燕麦低脂酸奶,热量：69 大卡(每100毫升),http://www.boohee.com/shiwu/guangmingchangyouhongzaoyanmaidizhisuannai
235,光明 芦荟酸奶,热量：87 大卡(每100毫升),http://www.boohee.com/shiwu/guangmingluhuisuannai
236,伊利酸牛奶(原味),热量：87 大卡(每100毫升),http://www.boohee.com/shiwu/yilisuanniunai
237,全脂速溶奶粉,热量：466 大卡(每100克),http://www.boohee.com/shiwu/quanzhisurongnaifen
238,雀巢/Nestle 高钙高铁奶粉,热量：416 大卡(每100克),http://www.boohee.com/shiwu/quechaogaogaigaotienaifen
239,伊利 大果粒酸牛奶（红茶+草莓+椰果）,热量：92 大卡(每100克),http://www.boohee.com/shiwu/yilidaguolisuanniunai
240,奶酪（光明牌）,热量：348 大卡(每100克),http://www.boohee.com/shiwu/nailao_guangmingpai
241,伊利 优品嘉人优酪乳酸牛奶,热量：78 大卡(每100克),http://www.boohee.com/shiwu/yiliyoupinjiarenyoulaoru
242,光明优＋高品质牛奶(利乐枕）,热量：62 大卡(每100毫升),http://www.boohee.com/shiwu/guangmingyouhigaopinzhiniunai
243,牛奶（完达山牌），又叫牛乳（完达山牌）,热量：60 大卡(每100克),http://www.boohee.com/shiwu/niuru_wandashanpai
244,蒙牛 冠益乳特品酸牛奶（原味）,热量：85 大卡(每100克),http://www.boohee.com/shiwu/mengniuguanyirutepinsuanniunaiyuanwei
245,全脂加糖奶粉,热量：490 大卡(每100克),http://www.boohee.com/shiwu/quanzhijiatangnaifen
246,蒙牛 酸牛奶（草莓味）罐装950ml（盒装）,热量：85 大卡(每100克),http://www.boohee.com/shiwu/mengniucaomeiweisuanniunai
247,雀巢/Nestle 高纤高钙奶粉,热量：428 大卡(每100克),http://www.boohee.com/shiwu/quechaopaigaoxiangaogainaifen
248,味全优酪乳（原味）,热量：88 大卡(每100克),http://www.boohee.com/shiwu/weiquanyoulaoru_yuanwei
249,蒙牛冠益乳特品酸牛奶木糖醇味,热量：63 大卡(每100克),http://www.boohee.com/shiwu/mengniuguanyirutepinsuanniunaimutangchunwei
250,伊利优品嘉人优酪乳·酸牛奶[焕颜蓝莓],热量：78 大卡(每100克),http://www.boohee.com/shiwu/yiliyoulaoru_youpinjiaren_huanyanlanmei
251,低脂奶粉,热量：423 大卡(每100克),http://www.boohee.com/shiwu/dizhinaifen_gaogaigaotie_yilipai
252,伊利 畅轻酸奶（黄桃果粒）瓶装580g,热量：103 大卡(每100毫升),http://www.boohee.com/shiwu/yilichangqingsuannaihuangtaoguoli
253,蒙牛 酸牛奶（原味） ,热量：85 大卡(每100克),http://www.boohee.com/shiwu/mengniuyuanweisuanniunai
254,奶粉(多维奶粉)，又叫奶粉,热量：484 大卡(每100克),http://www.boohee.com/shiwu/niurufen_duoweinaifen
255,牛奶（巧克力味，卡夫牌）,热量：80 大卡(每100克),http://www.boohee.com/shiwu/niunai_qiaokeliwei_kafupai
256,法国百吉福 低脂芝士片,热量：195 大卡(每100克),http://www.boohee.com/shiwu/faguobaijifudizhizhishipian
257,君乐宝 东方知味红枣酸牛奶,热量：61 大卡(每100克),http://www.boohee.com/shiwu/junlebaodongfangzhiweihongzaosuanniunai
258,伊利 畅轻酸奶（草莓果粒）瓶装580g,热量：103 大卡(每100毫升),http://www.boohee.com/shiwu/yilichangqingsuannaicaomeiguoli
259,牛奶（巧克力味，三元牌）,热量：74 大卡(每100克),http://www.boohee.com/shiwu/niunai_qiaokeliwei_sanyuanpai
260,全脂甜炼乳（雀巢）,热量：380 大卡(每100克),http://www.boohee.com/shiwu/quanzhitianlianru_quechao
261,光明无蔗糖酸奶（桶装）,热量：60 大卡(每100毫升),http://www.boohee.com/shiwu/guangmingwuzhetangsuannai_tongzhuang
262,奶酪（骑士牌）,热量：386 大卡(每100克),http://www.boohee.com/shiwu/nailao_qishipai
263,羊奶，又叫鲜羊奶,热量：59 大卡(每100克),http://www.boohee.com/shiwu/xianyangru
264,伊利 大果粒酸牛奶（绿茶+蒟蒻+椰果） 大杯260g,热量：92 大卡(每100克),http://www.boohee.com/shiwu/yilidaguolisuanniunai_lvchajuruoyeguo
265,光明减脂90%鲜牛奶,热量：32 大卡(每100毫升),http://www.boohee.com/shiwu/guangmingjianzhi90xianniunai
266,君乐宝高钙无蔗糖酸牛奶,热量：45 大卡(每100克),http://www.boohee.com/shiwu/junlebaogaogaiwuzhetangsuanniunai
267,学生奶,热量：66 大卡(每100毫升),http://www.boohee.com/shiwu/xueshengnai
268,银桥 益生菌酸牛奶（原味）,热量：78 大卡(每100毫升),http://www.boohee.com/shiwu/yinqiaoyishengjunsuanniunai
269,伊利ABLS益生菌酸牛奶－无蔗糖,热量：54 大卡(每100克),http://www.boohee.com/shiwu/yiliABLSyishengjunsuanniunaihiwuzhetang
270,光明 畅优B+100活性益生菌果粒酸牛奶（青提）,热量：69 大卡(每100毫升),http://www.boohee.com/shiwu/guangmingchangyoudizhiqingtiguolisuannai
271,伊利妙芝新鲜奶酪,热量：118 大卡(每100克),http://www.boohee.com/shiwu/yilimiaozhixinxiannailao
272,光明 纯牛奶香浓3.5,热量：62 大卡(每100毫升),http://www.boohee.com/shiwu/guangmingchunniunaixiangnong35
273,牛奶（草莓味，卡夫牌）,热量：79 大卡(每100克),http://www.boohee.com/shiwu/niunai_caomeiwei_kafupai
274,高钙高铁奶粉（可淇牌）,热量：437 大卡(每100克),http://www.boohee.com/shiwu/gaogaigaotienaifen_keqipai
275,蒙牛 缔芝特低脂早餐奶酪,热量：215 大卡(每100克),http://www.boohee.com/shiwu/mengniudizhitezaocannailao
276,牛奶（乐百氏牌），又叫牛乳（乐百氏牌）,热量：67 大卡(每100克),http://www.boohee.com/shiwu/niuru_lebaishipai
277,伊利 早餐奶酪（高钙）,热量：263 大卡(每100克),http://www.boohee.com/shiwu/yilizaocangaogainailao
278,味全 优酪乳酸牛奶健康粗粮（蓝莓口味）,热量：84 大卡(每100克),http://www.boohee.com/shiwu/weiquanyoulaorusuanniunai_jiankangculianghihilanmeikouwei
279,卡士 鲜酪乳调味酸牛乳（原味）,热量：82 大卡(每100克),http://www.boohee.com/shiwu/kashixianlaoru
280,光明 健能草莓果粒酸牛奶 100g,热量：87 大卡(每100克),http://www.boohee.com/shiwu/guangmingjiannengcaomeiguolisuanniunai
281,光明 红枣酸奶,热量：92 大卡(每100毫升),http://www.boohee.com/shiwu/guangminghongzaosuannai
282,蒙牛 酸牛奶（原味）,热量：85 大卡(每100克),http://www.boohee.com/shiwu/mengniutongzhuangyuanweisuanniunai
283,伊利 益生菌酸牛奶,热量：98 大卡(每100克),http://www.boohee.com/shiwu/yiliyishengjunsuanniunai
284,蒙牛 冠益乳冠菌优酪乳酸牛奶（原味）瓶装560g,热量：85 大卡(每100毫升),http://www.boohee.com/shiwu/guanyiruguanjunyoulaorusuanniunai_yuanwei
285,光明 90%低脂鲜牛奶,热量：18 大卡(每100毫升),http://www.boohee.com/shiwu/guangming90hituozhixianniunai
286,伊利 早餐奶酪（原味）,热量：287 大卡(每100克),http://www.boohee.com/shiwu/yiliyuanweizaocannailao
287,光明汉方草本酸牛奶,热量：91 大卡(每100克),http://www.boohee.com/shiwu/guangminghanfangcaobensuanniunai
288,达能 原味酸牛奶,热量：58 大卡(每100克),http://www.boohee.com/shiwu/danengyuanweisuanniunai
289,婴儿奶粉,热量：443 大卡(每100克),http://www.boohee.com/shiwu/yingernaifen
290,卡士 鲜酪乳 果味酸牛乳（粟米）,热量：73 大卡(每100克),http://www.boohee.com/shiwu/kashihixianlaoruhiguoweisuanniuru_sumi
291,苹果，又叫滔婆、柰、柰子、频婆、平波、天然子,热量：53 大卡(每100克),http://www.boohee.com/shiwu/pingguo_junzhi
292,大白菜，又叫白菜,热量：20 大卡(每100克),http://www.boohee.com/shiwu/dabaicai_junzhi
293,小白菜，又叫青菜、油白菜、白菜秧、白菜、杭白菜,热量：17 大卡(每100克),http://www.boohee.com/shiwu/xiaobaicai
294,香蕉，又叫蕉子、蕉果、甘蕉,热量：93 大卡(每100克),http://www.boohee.com/shiwu/xiangjiao
295,番茄，又叫西红柿、洋柿子、狼桃、番李子、金橘、番柿、六月柿、洋海椒、毛腊果,热量：15 大卡(每100克),http://www.boohee.com/shiwu/fanqie
296,黄瓜，又叫青瓜,热量：16 大卡(每100克),http://www.boohee.com/shiwu/huanggua
297,西瓜，又叫寒瓜、天生白虎汤、夏瓜、水瓜,热量：31 大卡(每100克),http://www.boohee.com/shiwu/xigua_junzhi
298,桃子，又叫桃,热量：42 大卡(每100克),http://www.boohee.com/shiwu/tao_junzhi
299,上海青，又叫青菜，小青菜,热量：18 大卡(每100克),http://www.boohee.com/shiwu/piaoerbai
300,红富士苹果,热量：49 大卡(每100克),http://www.boohee.com/shiwu/hongfushipingguo
301,橙，又叫橙子、金球、香橙、黄橙、脐橙,热量：48 大卡(每100克),http://www.boohee.com/shiwu/cheng
302,菜心，又叫白菜薹、薹菜,热量：28 大卡(每100克),http://www.boohee.com/shiwu/baicaitai
303,西兰花，又叫绿菜花、西蓝花,热量：36 大卡(每100克),http://www.boohee.com/shiwu/xilanhua
304,柚子，又叫文旦、香抛、霜柚、臭橙、柚,热量：42 大卡(每100克),http://www.boohee.com/shiwu/you
305,白萝卜，又叫萝卜、莱菔,热量：16 大卡(每100克),http://www.boohee.com/shiwu/bailuobo
306,梨，又叫梨子、快果、玉乳、果宗、蜜父、雪梨、香水梨、青梨,热量：51 大卡(每100克),http://www.boohee.com/shiwu/li_junzhi
307,花菜，又叫菜花、花椰菜、椰花菜、洋花菜,热量：20 大卡(每100克),http://www.boohee.com/shiwu/caihua
308,结球甘蓝(紫），又叫紫甘蓝、甘蓝,热量：25 大卡(每100克),http://www.boohee.com/shiwu/jieqiuganlan_zi
309,冬枣，又叫枣子，枣,热量：113 大卡(每100克),http://www.boohee.com/shiwu/dongzao
310,猕猴桃，又叫毛桃、藤梨、苌楚、羊桃、毛梨、连楚、奇异果,热量：61 大卡(每100克),http://www.boohee.com/shiwu/zhonghuamihoutao
311,全脂奶粉（伊利牌）,热量：504 大卡(每100克),http://www.boohee.com/shiwu/quanzhinaifen_yilipai
312,MeadowFresh低脂高钙奶,热量：61 大卡(每100克),http://www.boohee.com/shiwu/MeadowFreshdizhigaogainai
313,小小光明健康成长奶酪,热量：190 大卡(每100克),http://www.boohee.com/shiwu/xiaoxiaoguangmingjiankangchengchangnailao
314,雀巢全仕奶（巧克力味）,热量：72 大卡(每100毫升),http://www.boohee.com/shiwu/quechaoquanshinai_qiaokeliwei
315,Dr.Oetker Onken脱脂酸奶,热量：48 大卡(每100毫升),http://www.boohee.com/shiwu/DrOetkerhiOnkentuozhisuannai
316,光明奶酪经典黄波芝士片,热量：280 大卡(每100克),http://www.boohee.com/shiwu/guangmingnailaojingdianhuangbozhishipian
317,达能Taillefine脱脂酸奶,热量：42 大卡(每100毫升),http://www.boohee.com/shiwu/danengTaillefinetuozhisuannai
318,伊利高钙奶酪,热量：287 大卡(每100克),http://www.boohee.com/shiwu/yiligaogainailao
319,牛奶（强化锌、钙），又叫牛乳（强化锌、钙）,热量：60 大卡(每100克),http://www.boohee.com/shiwu/niuru_qianghuaxin_gai_pamalate
320,百吉福 减脂芝士片,热量：249 大卡(每100克),http://www.boohee.com/shiwu/faguobaijifujianzhizhishipian
321,南瓜，又叫麦瓜、番瓜、倭瓜、金瓜、伏瓜、饭瓜、窝瓜、中国南瓜,热量：23 大卡(每100克),http://www.boohee.com/shiwu/nangua
322,胡萝卜（老），又叫萝卜、黄萝卜、丁香萝卜、红芦菔、甘笋、黄根、卜香菜、药萝卜、赤珊瑚,热量：39 大卡(每100克),http://www.boohee.com/shiwu/huluobo_hong
323,生菜，又叫牛俐,热量：16 大卡(每100克),http://www.boohee.com/shiwu/shengcai_niuli
324,橘子，又叫橘柑、柑橘、桔柑子,热量：44 大卡(每100克),http://www.boohee.com/shiwu/jieganzi
325,木瓜，又叫乳瓜、木梨、文冠果,热量：30 大卡(每100克),http://www.boohee.com/shiwu/mugua
326,葡萄，又叫草龙珠、山葫芦、蒲桃、菩提子、,热量：45 大卡(每100克),http://www.boohee.com/shiwu/putao_junzhi
327,圣女果，又叫葡萄番茄、小西红柿、小番茄,热量：25 大卡(每100克),http://www.boohee.com/shiwu/yingtaofanqie
328,冬瓜，又叫白瓜、水芝、地芝、枕瓜、濮瓜、白冬瓜、东瓜,热量：12 大卡(每100克),http://www.boohee.com/shiwu/donggua
329,胡萝卜（嫩），又叫萝卜、胡萝菔、黄萝卜、金笋、丁香萝卜、红芦菔、黄根、卜香菜、药萝卜、赤珊瑚,热量：32 大卡(每100克),http://www.boohee.com/shiwu/huluobo
330,卷心菜（包菜，圆白菜），又叫圆白菜，包菜，甘蓝,热量：24 大卡(每100克),http://www.boohee.com/shiwu/ganlan
331,红枣(鲜)，又叫红枣、美枣、良枣,热量：125 大卡(每100克),http://www.boohee.com/shiwu/zao_xian
332,红枣，又叫红枣、大枣、枣子,热量：276 大卡(每100克),http://www.boohee.com/shiwu/zao_gan
333,竹笋，又叫笋、毛笋、竹芽、竹萌,热量：23 大卡(每100克),http://www.boohee.com/shiwu/zhusun
334,荸荠，又叫马蹄,热量：61 大卡(每100克),http://www.boohee.com/shiwu/bici
335,木耳(水发)，又叫黑木耳、云耳,热量：27 大卡(每100克),http://www.boohee.com/shiwu/muer_shuifa
336,柑桔，又叫桔子,热量：51 大卡(每100克),http://www.boohee.com/shiwu/ganjie_junzhi
337,菠菜，又叫菠棱菜、赤根菜、波斯草、鹦鹉菜、鼠根菜、角菜,热量：28 大卡(每100克),http://www.boohee.com/shiwu/bocai
338,菠萝，又叫番梨、露兜子、凤梨,热量：44 大卡(每100克),http://www.boohee.com/shiwu/boluo
339,火龙果，又叫仙蜜果、红龙果,热量：55 大卡(每100克),http://www.boohee.com/shiwu/huolongguo
340,草莓，又叫大草莓、士多啤梨、红莓、地莓,热量：32 大卡(每100克),http://www.boohee.com/shiwu/caomei
341,芒果，又叫庵罗果、檬果、蜜望子、香盖,热量：35 大卡(每100克),http://www.boohee.com/shiwu/mangguo
342,豆芽（绿豆芽），又叫巧芽、豆芽菜、如意菜、掐菜、银芽、银针、银苗、芽心,热量：16 大卡(每100克),http://www.boohee.com/shiwu/lvdouya
343,香菇（鲜），又叫冬菇、香菌、爪菰、花菇、香蕈、香菰、香信,热量：26 大卡(每100克),http://www.boohee.com/shiwu/xianggu
344,茄子，又叫落苏、茄瓜,热量：23 大卡(每100克),http://www.boohee.com/shiwu/qiezi_junzhi
345,哈密瓜，又叫甜瓜,热量：34 大卡(每100克),http://www.boohee.com/shiwu/hamigua2
346,甜瓜，又叫甘瓜、库洪（维吾尔语）,热量：26 大卡(每100克),http://www.boohee.com/shiwu/tiangua
347,李子，又叫布朗、脆李、金沙李、嘉庆子、李实、嘉应子,热量：38 大卡(每100克),http://www.boohee.com/shiwu/lizi
348,海带（浸），又叫江白菜，昆布,热量：16 大卡(每100克),http://www.boohee.com/shiwu/haidai_jin
349,芹菜（药芹），又叫旱芹、样芹菜、药芹、香芹、蒲芹、白茎芹菜,热量：13 大卡(每100克),http://www.boohee.com/shiwu/qincai_baijing
350,通心菜（空心菜），又叫蕹菜,热量：23 大卡(每100克),http://www.boohee.com/shiwu/wengcai
351,葡萄柚（西柚），又叫红柚、红心柚,热量：33 大卡(每100克),http://www.boohee.com/shiwu/putaoyou_taiwan
352,鱼腥草，又叫折耳根,热量：1 大卡(每100克),http://www.boohee.com/shiwu/yuxingcao
353,木耳(干)，又叫黑木耳、云耳、桑耳、松耳,热量：265 大卡(每100克),http://www.boohee.com/shiwu/muer_gan
354,豌豆苗，又叫豆苗,热量：32 大卡(每100克),http://www.boohee.com/shiwu/wandoumiao
355,小葱，又叫香葱、绵葱、火葱、葱,热量：27 大卡(每100克),http://www.boohee.com/shiwu/xiaocong
356,葡萄干,热量：344 大卡(每100克),http://www.boohee.com/shiwu/putaogan
357,青椒，又叫青辣椒、尖椒、海椒,热量：22 大卡(每100克),http://www.boohee.com/shiwu/lajiao_qing_jian
358,洋葱，又叫洋葱头、玉葱、葱头、圆葱、球葱、葱头,热量：40 大卡(每100克),http://www.boohee.com/shiwu/yangcong
359,金针菇，又叫朴菰 、构菌、冻菌、金菇、毛柄金钱菌、智力菇,热量：32 大卡(每100克),http://www.boohee.com/shiwu/jinzhengu
360,莲藕，又叫藕,热量：47 大卡(每100克),http://www.boohee.com/shiwu/ou
361,红提子葡萄，又叫提子、红提,热量：54 大卡(每100克),http://www.boohee.com/shiwu/hongtiziputao
362,海带（鲜），又叫昆布、江白菜、纶布、海昆布、海马蔺、海带菜、海草、海马?A,热量：13 大卡(每100克),http://www.boohee.com/shiwu/haidai
363,荔枝，又叫丹荔、丽枝、香果、勒荔、离支,热量：71 大卡(每100克),http://www.boohee.com/shiwu/lizhi
364,生菜(叶用莴苣),热量：12 大卡(每100克),http://www.boohee.com/shiwu/shengcai_yeyongwoju
365,结球甘蓝（绿），又叫甘蓝、卷心菜、包心菜、洋白菜、包菜、莲花白、疙瘩白、大头菜、高丽菜、结球甘蓝、蓝菜、西土蓝,热量：26 大卡(每100克),http://www.boohee.com/shiwu/jieqiuganlan_lv
366,樱桃，又叫车厘子、莺桃、含桃、荆桃、朱樱、朱果、樱珠,热量：46 大卡(每100克),http://www.boohee.com/shiwu/yingtao
367,豆芽（黄豆芽），又叫大豆芽、清水豆芽,热量：47 大卡(每100克),http://www.boohee.com/shiwu/huangdouya
368,苦瓜，又叫凉瓜、癞瓜、锦荔枝、癞葡萄,热量：22 大卡(每100克),http://www.boohee.com/shiwu/kugua
369,小叶桔,热量：40 大卡(每100克),http://www.boohee.com/shiwu/xiaoyejie
370,毛豆，又叫枝豆、菜用大豆,热量：131 大卡(每100克),http://www.boohee.com/shiwu/maodou
371,豆角,热量：34 大卡(每100克),http://www.boohee.com/shiwu/doujiao
372,芹菜茎,热量：22 大卡(每100克),http://www.boohee.com/shiwu/qincaijing
373,鹅黄梨,热量：41 大卡(每100克),http://www.boohee.com/shiwu/ehuangli
374,丝瓜，又叫天丝瓜、天罗、蜜瓜、布瓜、天吊瓜、纯阳瓜、倒阳菜、水瓜、絮瓜、缣瓜、蛮瓜、绵瓜,热量：20 大卡(每100克),http://www.boohee.com/shiwu/sigua
375,巨峰葡萄,热量：51 大卡(每100克),http://www.boohee.com/shiwu/jufengputao
376,白兰瓜，又叫兰州瓜、华莱士、兰州蜜瓜,热量：23 大卡(每100克),http://www.boohee.com/shiwu/bailangua
377,马奶子葡萄,热量：41 大卡(每100克),http://www.boohee.com/shiwu/manaiziputao
378,桑葚，又叫桑椹,热量：57 大卡(每100克),http://www.boohee.com/shiwu/sangren_junzhi
379,紫菜(干)，又叫索菜、子菜、甘紫菜,热量：250 大卡(每100克),http://www.boohee.com/shiwu/zicai_gan
380,国光苹果,热量：56 大卡(每100克),http://www.boohee.com/shiwu/guoguangpingguo
381,四季豆，又叫菜豆、豆角、白饭豆、云扁豆、龙爪豆、龙骨豆、芸豆、白豆、二生豆,热量：31 大卡(每100克),http://www.boohee.com/shiwu/sijidou
382,莴笋，又叫莴苣、春菜、生笋、千金菜、茎用莴苣、青笋、莴菜、香马笋,热量：15 大卡(每100克),http://www.boohee.com/shiwu/wosun
383,蘑菇(鲜蘑)，又叫蕈、菌、茸、蘑菰、蘑菇蕈、蘑子蕈、肉蕈、肉菌、蘑菇菌,热量：24 大卡(每100克),http://www.boohee.com/shiwu/mogu_xianmo
384,长把梨,热量：62 大卡(每100克),http://www.boohee.com/shiwu/changbali
385,银耳(干)，又叫白木耳、雪耳,热量：261 大卡(每100克),http://www.boohee.com/shiwu/yiner_gan
386,枣（干，大),热量：317 大卡(每100克),http://www.boohee.com/shiwu/zao_gan_da
387,杏，又叫杏果、甜梅、叭达杏、杏实、杏子,热量：38 大卡(每100克),http://www.boohee.com/shiwu/xing
388,杨梅，又叫龙睛、朱红、水杨梅、白蒂梅、树梅,热量：30 大卡(每100克),http://www.boohee.com/shiwu/yangmei
389,山楂（红果），又叫山果红、红果、胭脂果、海红、酸梅子、山梨、酸查、鼠查、赤瓜实、赤枣子,热量：102 大卡(每100克),http://www.boohee.com/shiwu/hongguo
390,桑葚（红），又叫桑椹,热量：55 大卡(每100克),http://www.boohee.com/shiwu/sangren_hong
391,芹菜（水芹），又叫水芹菜、刀芹、蜀芹、野芹菜,热量：13 大卡(每100克),http://www.boohee.com/shiwu/shuiqincai
392,韭菜，又叫壮阳草、赶阳草、长生草、起阳草,热量：25 大卡(每100克),http://www.boohee.com/shiwu/jiucai
393,紫葡萄,热量：45 大卡(每100克),http://www.boohee.com/shiwu/ziputao
394,西瓜(京欣一号),热量：34 大卡(每100克),http://www.boohee.com/shiwu/xigua_jingxinyihao
395,李子杏,热量：37 大卡(每100克),http://www.boohee.com/shiwu/lizixing
396,西葫芦，又叫搅瓜、白南瓜,热量：19 大卡(每100克),http://www.boohee.com/shiwu/xihulu
397,黄香蕉苹果,热量：53 大卡(每100克),http://www.boohee.com/shiwu/huangxiangjiaopingguo
398,油菜心,热量：24 大卡(每100克),http://www.boohee.com/shiwu/youcaixin
399,桑葚（干），又叫桑椹,热量：298 大卡(每100克),http://www.boohee.com/shiwu/sangren_gan
400,芹菜（西芹），又叫西洋芹菜、美芹,热量：17 大卡(每100克),http://www.boohee.com/shiwu/xiqin
401,花生米（生），又叫花生仁（生）,热量：574 大卡(每100克),http://www.boohee.com/shiwu/huashengren_sheng
402,花生米（炒），又叫花生仁（炒）,热量：589 大卡(每100克),http://www.boohee.com/shiwu/huashengren_chao
403,豆腐(北)，又叫软玉,热量：116 大卡(每100克),http://www.boohee.com/shiwu/doufu_bei
404,栗子，又叫板栗,热量：214 大卡(每100克),http://www.boohee.com/shiwu/lizi_shu
405,Easy Fun 低脂夹心牛肉豆脯（五香味）,热量：121 大卡(每100克),http://www.boohee.com/shiwu/fd1330db
406,豆腐皮（干），又叫百片、腐衣、豆皮、油皮,热量：447 大卡(每100克),http://www.boohee.com/shiwu/doufupi
407,豆奶粉,热量：423 大卡(每100克),http://www.boohee.com/shiwu/dounaifen
408,豆奶,热量：30 大卡(每100毫升),http://www.boohee.com/shiwu/dounai
409,杏仁(烤干，加盐),热量：617 大卡(每100克),http://www.boohee.com/shiwu/xingren_kaogan_jiayan
410,豆腐脑(带卤)，又叫豆腐花,热量：48 大卡(每100克),http://www.boohee.com/shiwu/doufunao_dailu
411,豆浆,热量：31 大卡(每100毫升),http://www.boohee.com/shiwu/doujiang
412,瓜子，又叫向日葵子、天葵子、葵子、瓜子仁,热量：615 大卡(每100克),http://www.boohee.com/shiwu/kuihuaziren
413,豆浆（甜）,热量：34 大卡(每100毫升),http://www.boohee.com/shiwu/doujiang_tian
414,豆腐干（白干），又叫豆干、白干,热量：197 大卡(每100克),http://www.boohee.com/shiwu/doufugan_junzhi
415,黑芝麻，又叫芝麻籽(黑)、胡麻、巨胜,热量：559 大卡(每100克),http://www.boohee.com/shiwu/zhimazi_hei
416,豆腐,热量：84 大卡(每100克),http://www.boohee.com/shiwu/doufu_junzhi
417,核桃（干），又叫核桃仁、山核桃、胡桃仁、羌桃、黑桃、胡桃肉、万岁子、长寿果,热量：646 大卡(每100克),http://www.boohee.com/shiwu/hetao_gan
418,豆腐花，又叫豆腐花、豆花,热量：15 大卡(每100克),http://www.boohee.com/shiwu/doufunao
419,豆腐(南)，又叫嫩豆腐、软豆腐,热量：87 大卡(每100克),http://www.boohee.com/shiwu/doufu_nan
420,炒花生,热量：601 大卡(每100克),http://www.boohee.com/shiwu/huasheng_chao
421,花生（鲜），又叫落花参、番豆、长生果、落地松、地果、番果、地豆、唐人豆,热量：313 大卡(每100克),http://www.boohee.com/shiwu/huasheng_xian
422,杏仁，又叫南杏仁,热量：578 大卡(每100克),http://www.boohee.com/shiwu/xingren
423,核桃(鲜),热量：336 大卡(每100克),http://www.boohee.com/shiwu/hetao_xian
424,黄豆，又叫大豆、黄大豆、枝豆、菜用大豆,热量：390 大卡(每100克),http://www.boohee.com/shiwu/huangdou
425,豆腐干(香干)，又叫豆干,热量：152 大卡(每100克),http://www.boohee.com/shiwu/doufugan_xianggan
426,葵花子（奶油香瓜子）,热量：620 大卡(每100克),http://www.boohee.com/shiwu/kuihuazi_naiyouxiangguazi
427,油豆腐,热量：245 大卡(每100克),http://www.boohee.com/shiwu/youdoufu
428,豆浆粉,热量：426 大卡(每100克),http://www.boohee.com/shiwu/doujiangfen
429,内酯豆腐，又叫豆腐,热量：50 大卡(每100克),http://www.boohee.com/shiwu/doufu_neizhi
430,杏仁(大),热量：540 大卡(每100克),http://www.boohee.com/shiwu/xingren_da
431,豆腐丝,热量：203 大卡(每100克),http://www.boohee.com/shiwu/doufusi
432,千张，又叫百页、皮子、豆片、干豆腐,热量：262 大卡(每100克),http://www.boohee.com/shiwu/qianzhang
433,花生（烤、勤俭牌）,热量：586 大卡(每100克),http://www.boohee.com/shiwu/huasheng_kao_qinjianpai
434,青豆（干），又叫青大豆,热量：398 大卡(每100克),http://www.boohee.com/shiwu/qingdou
435,豆腐干(酱油干)，又叫豆干,热量：157 大卡(每100克),http://www.boohee.com/shiwu/doufugan_jiangyougan
436,腰果，又叫鸡腰果、介寿果,热量：559 大卡(每100克),http://www.boohee.com/shiwu/yaoguo
437,莲子(干)，又叫莲宝、莲米、藕实、水芝、丹泽芝、莲蓬子、水笠子,热量：350 大卡(每100克),http://www.boohee.com/shiwu/lianzi_gan
438,山核桃,热量：616 大卡(每100克),http://www.boohee.com/shiwu/shanhetao_gan
439,黑芝麻糊粉,热量：408 大卡(每100克),http://www.boohee.com/shiwu/heizhimahufen
440,豆腐干(小香干)，又叫豆干,热量：174 大卡(每100克),http://www.boohee.com/shiwu/doufugan_xiaoxianggan
441,山核桃（熟），又叫小核桃,热量：658 大卡(每100克),http://www.boohee.com/shiwu/shanhetao_shu
442,花生（烤、密日兴牌）,热量：475 大卡(每100克),http://www.boohee.com/shiwu/huasheng_kao_mirixingpai
443,开心果,热量：631 大卡(每100克),http://www.boohee.com/shiwu/kaixinguo_shu
444,素鸡,热量：194 大卡(每100克),http://www.boohee.com/shiwu/suji
445,黑豆，又叫黑大豆、乌豆、橹豆、马料豆、料豆、零乌豆、冬豆子,热量：401 大卡(每100克),http://www.boohee.com/shiwu/heidou
446,豆腐干(卤干)，又叫豆干,热量：339 大卡(每100克),http://www.boohee.com/shiwu/doufugan_lugan
447,腰果（熟）,热量：615 大卡(每100克),http://www.boohee.com/shiwu/yaoguo_shu
448,西瓜子(炒),热量：582 大卡(每100克),http://www.boohee.com/shiwu/xiguazi_chao
449,腐竹（干），又叫支竹、甜竹、腐筋,热量：461 大卡(每100克),http://www.boohee.com/shiwu/fuzhu
450,花生米（油炸），又叫花生仁（油炸）,热量：583 大卡(每100克),http://www.boohee.com/shiwu/huashengren_youzha
451,杏仁(原味)，又叫北杏仁、杏核仁、杏子、杏人,热量：596 大卡(每100克),http://www.boohee.com/shiwu/xingren_yuanweiquanbu
452,栗子(鲜)，又叫板栗、大栗、栗果、毛栗、棋子、栗楔,热量：188 大卡(每100克),http://www.boohee.com/shiwu/lizi_xian
453,葵花子(炒),热量：625 大卡(每100克),http://www.boohee.com/shiwu/kuihuazi_chao
454,南瓜子(炒)，又叫南瓜籽、白瓜子,热量：582 大卡(每100克),http://www.boohee.com/shiwu/nanguazi_chao
455,豆腐干(菜干)，又叫豆干,热量：137 大卡(每100克),http://www.boohee.com/shiwu/doufugan_caigan
456,乐购浓豆浆,热量：26 大卡(每100克),http://www.boohee.com/shiwu/legounongdoujiang
457,西瓜子(话梅),热量：567 大卡(每100克),http://www.boohee.com/shiwu/xiguazi_huamei
458,黄豆粉，又叫大豆粉,热量：432 大卡(每100克),http://www.boohee.com/shiwu/huangdoufen
459,豆腐卷,热量：203 大卡(每100克),http://www.boohee.com/shiwu/doufujuan
460,O'Day 扯扯素肉（麻辣味）,热量：148 大卡(每100克),http://www.boohee.com/shiwu/fdec584b
461,素火腿,热量：213 大卡(每100克),http://www.boohee.com/shiwu/suhuotui
462,美国大杏仁,热量：586 大卡(每100克),http://www.boohee.com/shiwu/meiguodaxingren
463,杏仁（熟、带壳）,热量：648 大卡(每100克),http://www.boohee.com/shiwu/xingren_shu_daike
464,毛核桃,热量：184 大卡(每100克),http://www.boohee.com/shiwu/maohetao
465,榛子仁（熟）,热量：628 大卡(每100克),http://www.boohee.com/shiwu/zhenziren_shu
466,松子(炒)，又叫罗松子、海松子、新罗松子、红松果、松仁、松元,热量：644 大卡(每100克),http://www.boohee.com/shiwu/songzi_chao
467,榛子(炒),热量：611 大卡(每100克),http://www.boohee.com/shiwu/zhenzi_chao
468,杏仁（熟、去壳）,热量：625 大卡(每100克),http://www.boohee.com/shiwu/xingren_shu_quke
469,旭松纳豆,热量：190 大卡(每100克),http://www.boohee.com/shiwu/xusongnadou
470,栗子(河北迁西），又叫板栗（河北迁西）,热量：182 大卡(每100克),http://www.boohee.com/shiwu/lizi_hebeiqianxi
471,Easy Fun 奇亚籽,热量：428 大卡(每100克),http://www.boohee.com/shiwu/fd1aa5af
472,西瓜子（熟），又叫黑瓜子,热量：550 大卡(每100克),http://www.boohee.com/shiwu/xiguazi_shu
473,杏仁(炒),热量：618 大卡(每100克),http://www.boohee.com/shiwu/xingren_chao
474,杏仁(烤干，不加盐),热量：617 大卡(每100克),http://www.boohee.com/shiwu/xingren_kaogan_bujiayan
475,豆腐丝(油),热量：304 大卡(每100克),http://www.boohee.com/shiwu/doufusi_you
476,白果(干)，又叫银杏,热量：355 大卡(每100克),http://www.boohee.com/shiwu/baiguo_gan
477,南瓜子仁，又叫白瓜子、南瓜仁,热量：576 大卡(每100克),http://www.boohee.com/shiwu/nanguaziren
478,榛子，又叫尖栗、平榛、山反栗,热量：561 大卡(每100克),http://www.boohee.com/shiwu/zhenzi_gan
479,白芝麻，又叫芝麻籽(白),热量：536 大卡(每100克),http://www.boohee.com/shiwu/zhimazi_bai
480,豆腐干(熏干)，又叫豆干,热量：154 大卡(每100克),http://www.boohee.com/shiwu/doufugan_xungan
481,豆腐干(蒲包干),热量：135 大卡(每100克),http://www.boohee.com/shiwu/doufugan_pubaogan
482,桃仁，又叫毛桃仁、扁桃仁、大桃仁、光桃仁、炒桃仁,热量：429 大卡(每100克),http://www.boohee.com/shiwu/taoren
483,松子仁，又叫海松子、新罗松子,热量：718 大卡(每100克),http://www.boohee.com/shiwu/songziren
484,豆腐干(臭干),热量：99 大卡(每100克),http://www.boohee.com/shiwu/doufugan_chougan
485,杏仁(过油炸干),热量：631 大卡(每100克),http://www.boohee.com/shiwu/xingren_guoyouzhagan
486,豆腐丝(干),热量：451 大卡(每100克),http://www.boohee.com/shiwu/doufusi_gan
487,榛子（熟）,热量：642 大卡(每100克),http://www.boohee.com/shiwu/zhenzi_shu
488,葵花子（熟）,热量：591 大卡(每100克),http://www.boohee.com/shiwu/kuihuazi_shu
489,香榧（熟），又叫香榧、赤果、野极子、榧实、罴子、玉杉果,热量：644 大卡(每100克),http://www.boohee.com/shiwu/xiangfei_shu
490,芡实米（干），又叫鸡头米、水鸡头、鸡头苞、鸡嘴莲、刺莲蓬实,热量：352 大卡(每100克),http://www.boohee.com/shiwu/qianshimi
491,杏仁(漂白后),热量：602 大卡(每100克),http://www.boohee.com/shiwu/xingren_piaobaihou
492,松子,热量：553 大卡(每100克),http://www.boohee.com/shiwu/songzi_shu
493,栗子（山东），又叫板栗（山东）,热量：168 大卡(每100克),http://www.boohee.com/shiwu/lizi_shandong
494,豆奶粉（多力牌）,热量：405 大卡(每100克),http://www.boohee.com/shiwu/dounaifen_duolipai
495,南方 无糖黑芝麻糊,热量：416 大卡(每100克),http://www.boohee.com/shiwu/nanfangwutangheizhimahu
496,西瓜子仁,热量：566 大卡(每100克),http://www.boohee.com/shiwu/xiguaziren
497,豆汁（生）,热量：10 大卡(每100克),http://www.boohee.com/shiwu/douzhi_sheng
498,谷统台式素香肠,热量：189 大卡(每100克),http://www.boohee.com/shiwu/gutongtaishisuxiangchang
499,栗子（北京密云），又叫板栗（北京密云）,热量：186 大卡(每100克),http://www.boohee.com/shiwu/lizi_beijingmiyun
500,素鸡丝卷,热量：197 大卡(每100克),http://www.boohee.com/shiwu/sujisijuan
501,饮用水，又叫水、自来水,热量：0 大卡(每100毫升),http://www.boohee.com/shiwu/yinyongshui
502,咖啡粉，又叫速溶咖啡粉,热量：218 大卡(每100克),http://www.boohee.com/shiwu/kafeifen
503,麦斯威尔 原味咖啡,热量：478 大卡(每100克),http://www.boohee.com/shiwu/maisiweieryuanweikafei
504,黑咖啡（液），又叫美式、美式咖啡、澳黑,热量：1 大卡(每100毫升),http://www.boohee.com/shiwu/heikafei
505,矿泉水，又叫水,热量：0 大卡(每100毫升),http://www.boohee.com/shiwu/kuangquanshui
506,啤酒,热量：32 大卡(每100毫升),http://www.boohee.com/shiwu/pijiu_junzhi
507,珍珠奶茶，又叫奶茶,热量：52 大卡(每100毫升),http://www.boohee.com/shiwu/zhenzhunaicha
508,天福茗茶 绿茶粉,热量：328 大卡(每100克),http://www.boohee.com/shiwu/tianfumingchapailvchafen
509,绿茶（茶叶本身），又叫绿茶、茶叶,热量：328 大卡(每100克),http://www.boohee.com/shiwu/lvcha
510,柠檬汁,热量：27 大卡(每100毫升),http://www.boohee.com/shiwu/ningmengzhi
511,江米酒，又叫糯米酒、甜酒、酒酿、醪糟,热量：91 大卡(每100毫升),http://www.boohee.com/shiwu/jiangmijiu
512,红酒,热量：96 大卡(每100毫升),http://www.boohee.com/shiwu/hongjiu
513,茶水，又叫茶,热量：0 大卡(每100毫升),http://www.boohee.com/shiwu/chashui
514,橙汁饮料（汇源牌）,热量：46 大卡(每100毫升),http://www.boohee.com/shiwu/chengzhiyinliao_huiyuanpai
515,光明 藜麦谷物牛奶,热量：76 大卡(每100毫升),http://www.boohee.com/shiwu/fdee4440
516,光明 巧克努力 巧克力牛奶饮品,热量：87 大卡(每100毫升),http://www.boohee.com/shiwu/fd149b3f
517,光明 一只椰子 牛乳饮品,热量：58 大卡(每100毫升),http://www.boohee.com/shiwu/fd755b55
518,可口可乐 汽水，又叫可乐,热量：43 大卡(每100毫升),http://www.boohee.com/shiwu/fd46aa5b
519,康宝莱 蛋白混合饮料（巧克力味）,热量：370 大卡(每100克),http://www.boohee.com/shiwu/kangbaolaidanbaihunheyinliao
520,私房小厨杏仁粉,热量：580 大卡(每100克),http://www.boohee.com/shiwu/sifangxiaochuxingrenfen
521,甘蔗汁,热量：65 大卡(每100毫升),http://www.boohee.com/shiwu/ganzhezhi
522,铁观音茶（茶叶本身）,热量：334 大卡(每100克),http://www.boohee.com/shiwu/tieguanyincha
523,可可粉,热量：349 大卡(每100克),http://www.boohee.com/shiwu/kekefen
524,农夫山泉 水溶C100 柠檬汁,热量：38 大卡(每100毫升),http://www.boohee.com/shiwu/shuirongC100ningmengzhi
525,红葡萄酒,热量：74 大卡(每100毫升),http://www.boohee.com/shiwu/hongputaojiu
526,红茶（茶叶本身）,热量：324 大卡(每100克),http://www.boohee.com/shiwu/hongcha
527,统一弗蕾奶茶-经典麦香,热量：33 大卡(每100毫升),http://www.boohee.com/shiwu/tongyifuleinaicha-jingdianmaixiang
528,雀巢/Nestle 原叶低糖绿茶,热量：16 大卡(每100毫升),http://www.boohee.com/shiwu/quechaoyuanyeditanglvcha
529,椰树牌 椰汁,热量：50 大卡(每100毫升),http://www.boohee.com/shiwu/zhengzongyeshupaiyezhi
530,可口可乐 零度 汽水,热量：0 大卡(每100毫升),http://www.boohee.com/shiwu/fdf96dfc
531,可口可乐 樱桃味汽水,热量：32 大卡(每100毫升),http://www.boohee.com/shiwu/fde140ed
532,可口可乐 姜味汽水,热量：31 大卡(每100克),http://www.boohee.com/shiwu/fd254263
533,可口可乐 健怡 汽水,热量：0 大卡(每100毫升),http://www.boohee.com/shiwu/fda1dc8b
534,可口可乐 纤维+ 汽水,热量：0 大卡(每100毫升),http://www.boohee.com/shiwu/fd68003b
535,杏仁露,热量：46 大卡(每100毫升),http://www.boohee.com/shiwu/xingrenlu
536,可口可乐  香草味汽水,热量：43 大卡(每100毫升),http://www.boohee.com/shiwu/fdc9230d
537,弗蕾绿奶茶（鲜绿茉香口味）,热量：33 大卡(每100毫升),http://www.boohee.com/shiwu/fuleilvnaichahixianlvmoxiangkouweihi
538,可乐，又叫可乐,热量：45 大卡(每100毫升),http://www.boohee.com/shiwu/bingchuankele
539,超模25 综合营养素（树莓味）,热量：49 大卡(每100克),http://www.boohee.com/shiwu/fdb9c73c
540,超模25 营养玄米饮（抹茶味）,热量：358 大卡(每100克),http://www.boohee.com/shiwu/fd4b5ee7
541,超模25 营养可可,热量：366 大卡(每100克),http://www.boohee.com/shiwu/fdc78d52
542,Easy Fun 路易波士茶,热量：0 大卡(每100克),http://www.boohee.com/shiwu/fd90acfe
543,Easy Fun 纯马黛茶,热量：0 大卡(每100克),http://www.boohee.com/shiwu/fd36d1d9
544,超模25 营养饮（玉米蔬菜味）,热量：366 大卡(每100克),http://www.boohee.com/shiwu/fde0c510
545,Easy Fun 玉米须茶,热量：0 大卡(每100克),http://www.boohee.com/shiwu/fd2e9127
546,Beauty Reset 焕白肌密果味饮料,热量：29 大卡(每100毫升),http://www.boohee.com/shiwu/fdae59f0
547,芬达 橙味汽水,热量：34 大卡(每100毫升),http://www.boohee.com/shiwu/fd040161
548,Easy Fun 意式咖啡包（奶萃）,热量：0 大卡(每100克),http://www.boohee.com/shiwu/fd80e745
549,O'day 运动蛋白粉（蜜桃味）,热量：404 大卡(每100克),http://www.boohee.com/shiwu/fd214dac
550,超模25 畅爽西梅饮,热量：132 大卡(每100毫升),http://www.boohee.com/shiwu/fdfba59b
551,超模25 咖啡蛋白饮,热量：417 大卡(每100克),http://www.boohee.com/shiwu/fde9641c
552,超模25 果蔬营养素（番茄味）,热量：70 大卡(每100克),http://www.boohee.com/shiwu/fd634fb2
553,喜乐(乳酸饮料),热量：53 大卡(每100毫升),http://www.boohee.com/shiwu/xile_rusuanyinliao
554,橙汁汽水,热量：20 大卡(每100毫升),http://www.boohee.com/shiwu/chengzhiqishui
555,咖啡豆,热量：313 大卡(每100克),http://www.boohee.com/shiwu/kafeidou
556,十全苹果醋,热量：29 大卡(每100毫升),http://www.boohee.com/shiwu/shiquanpingguocu
557,维他奶原味豆奶饮料（低脂肪）,热量：48 大卡(每100毫升),http://www.boohee.com/shiwu/weitanai_dizhidounai
558,七喜,热量：30 大卡(每100毫升),http://www.boohee.com/shiwu/qixi
559,橙汁饮料（光明牌）,热量：44 大卡(每100毫升),http://www.boohee.com/shiwu/chengzhiyinliao_guangmingpai
560,康师傅 绿茶（低糖）,热量：15 大卡(每100毫升),http://www.boohee.com/shiwu/kangshifulvcha_ditang
561,麦氏典藏MAXIM原味咖啡,热量：441 大卡(每100克),http://www.boohee.com/shiwu/maishidiancangMAXIMyuanweikafei
562,雀巢/Nestle 冰爽茶冰极柠檬味绿茶饮料,热量：39 大卡(每100克),http://www.boohee.com/shiwu/quechaobingshuangchabingjiningmengweilvchayinliao
563,麦斯威尔致醇口味咖啡,热量：365 大卡(每100克),http://www.boohee.com/shiwu/maisiweierzhichunkouweikafei
564,丹特牌蜂蜜柚子茶,热量：260 大卡(每100克),http://www.boohee.com/shiwu/dantepaifengmiyouzicha
565,橘子汁,热量：119 大卡(每100毫升),http://www.boohee.com/shiwu/juzizhi
566,椰子汁饮料,热量：51 大卡(每100毫升),http://www.boohee.com/shiwu/yezizhiyinliao
567,康师傅 茉莉清茶（淡雅低糖）,热量：16 大卡(每100毫升),http://www.boohee.com/shiwu/kangshifumoliqingcha
568,统一  绿茶（低糖茉莉花味）,热量：16 大卡(每100毫升),http://www.boohee.com/shiwu/tongyilvcha_ditangmolihuawei
569,三得利 乌龙茶（无糖）,热量：0 大卡(每100毫升),http://www.boohee.com/shiwu/sandeliwulongchahiwutanghi
570,康师傅 茉莉蜜茶,热量：31 大卡(每100毫升),http://www.boohee.com/shiwu/kangshifumolimicha
571,花茶（花茶本身），又叫香片、熏花茶、窨花茶,热量：316 大卡(每100克),http://www.boohee.com/shiwu/huacha
572,胡萝卜汁饮料,热量：24 大卡(每100毫升),http://www.boohee.com/shiwu/huluobozhiyinliao
573,苹果汁饮料（光明牌）,热量：54 大卡(每100毫升),http://www.boohee.com/shiwu/pingguozhiyinliao_guangmingpai
574,红果汁,热量：157 大卡(每100毫升),http://www.boohee.com/shiwu/hongguozhi
575,惠尔康谷粒谷力玉米南瓜浓浆,热量：44 大卡(每100毫升),http://www.boohee.com/shiwu/guliguliyuminanguanongjiang
576,自制蜂蜜柚子茶,热量：137 大卡(每100毫升),http://www.boohee.com/shiwu/zizhifengmiyouzicha
577,超模17 营养奶昔,热量：359 大卡(每100克),http://www.boohee.com/shiwu/fd10a519
578,葡萄酒（干红，12%，张裕牌）,热量：75 大卡(每100毫升),http://www.boohee.com/shiwu/putaojiu_ganhong_12_zhangyupai
579,蒙牛果蔬酸酸乳,热量：31 大卡(每100毫升),http://www.boohee.com/shiwu/mengniuguoshusuansuanru
580,汇源橙汁饮料,热量：36 大卡(每100毫升),http://www.boohee.com/shiwu/huiyuanchengzhiyinliao
581,巧克力豆奶,热量：39 大卡(每100毫升),http://www.boohee.com/shiwu/qiaokelidounai
582,大麦茶（茶叶本身）,热量：393 大卡(每100克),http://www.boohee.com/shiwu/damaicha
583,农夫茶龙井绿茶饮品-低糖,热量：19 大卡(每100毫升),http://www.boohee.com/shiwu/nongfuchalongjinglvchayinpin-ditang
584,味佳牌蜂蜜柚子茶,热量：250 大卡(每100克),http://www.boohee.com/shiwu/weijiapaifengmiyouzicha
585,惠尔康 谷粒谷力燕麦浓浆,热量：58 大卡(每100毫升),http://www.boohee.com/shiwu/huierkangpaiguliguliyanmainongjiang
586,柠檬茶（雀巢牌，固体饮料）,热量：406 大卡(每100克),http://www.boohee.com/shiwu/ningmengcha
587,汇源100%苹果汁,热量：38 大卡(每100毫升),http://www.boohee.com/shiwu/huiyuan100pingguozhi
588,美汁源 果粒橙,热量：41 大卡(每100毫升),http://www.boohee.com/shiwu/meizhiyuanguolicheng2
589, 惠尔康谷粒谷力荞麦浓浆,热量：18 大卡(每100毫升),http://www.boohee.com/shiwu/hihuierkangguliguliqiaomainongjiang
590,酸乳饮料,热量：54 大卡(每100毫升),http://www.boohee.com/shiwu/suanruyinliao
591,色拉油,热量：898 大卡(每100克),http://www.boohee.com/shiwu/selayou
592,花生油，又叫落花生油、果油、油、食用油,热量：899 大卡(每100克),http://www.boohee.com/shiwu/huashengyou
593,豆油，又叫油，食用油,热量：899 大卡(每100克),http://www.boohee.com/shiwu/douyou
594,混合油(菜+棕),热量：900 大卡(每100克),http://www.boohee.com/shiwu/hunheyou_caizong
595,葵花籽油,热量：899 大卡(每100克),http://www.boohee.com/shiwu/kuihuaziyou
596,橄榄油,热量：899 大卡(每100克),http://www.boohee.com/shiwu/ganlanyou
597,菜籽油，又叫菜子油、菜油、油菜籽油、芸苔油、香菜油,热量：899 大卡(每100克),http://www.boohee.com/shiwu/caiziyou
598,辣椒油，又叫红油、油辣子,热量：900 大卡(每100克),http://www.boohee.com/shiwu/lajiaoyou
599,芝麻油，又叫麻油、芝麻油,热量：898 大卡(每100克),http://www.boohee.com/shiwu/zhimayou
600,金龙鱼食用调和油,热量：884 大卡(每100克),http://www.boohee.com/shiwu/jinlongyushiyongdiaoheyou
601,麒麟午后红茶奶茶饮料-低脂肪,热量：34 大卡(每100毫升),http://www.boohee.com/shiwu/qilinwuhouhongchanaichayinliao-dizhifang
602,葡萄酒（干红，11.5%，长城牌）,热量：72 大卡(每100毫升),http://www.boohee.com/shiwu/putaojiu_ganhong_115_changchengpai
603,啤酒（4.3%，青岛牌）,热量：38 大卡(每100毫升),http://www.boohee.com/shiwu/pijiu_43_qingdaopai
604,南国牌速溶椰子粉,热量：465 大卡(每100克),http://www.boohee.com/shiwu/nanguopaisurongyezifen
605,崇明老白酒，又叫烧酒、白干儿、火酒、烈性酒、高度酒,热量：298 大卡(每100毫升),http://www.boohee.com/shiwu/chongminglaobaijiu
606,酷儿香橙汁,热量：52 大卡(每100毫升),http://www.boohee.com/shiwu/kuerxiangchengzhi
607,可果美纯正番茄汁,热量：22 大卡(每100毫升),http://www.boohee.com/shiwu/keguomeichunzhengfanqiezhi
608,汉波红枣阿胶浓浆,热量：352 大卡(每100克),http://www.boohee.com/shiwu/hanbohongzaoajiaonongjiang
609,卡夫/Kraft 果珍（美国甜橙味）,热量：388 大卡(每100克),http://www.boohee.com/shiwu/kafuguozhentianchengwei
610,美雀思椰奶,热量：127 大卡(每100毫升),http://www.boohee.com/shiwu/meiquesiyenai
611,猪油(板油)，又叫油，食用油，猪网油,热量：827 大卡(每100克),http://www.boohee.com/shiwu/zhuyou_banyou
612,玉米油,热量：895 大卡(每100克),http://www.boohee.com/shiwu/yumiyou
613,猪油(炼)，又叫大油、荤油、猪脂膏,热量：897 大卡(每100克),http://www.boohee.com/shiwu/zhuyou_lian
614,香油,热量：898 大卡(每100克),http://www.boohee.com/shiwu/xiangyou
615,黄油，又叫白脱油,热量：888 大卡(每100克),http://www.boohee.com/shiwu/huangyou
616,欧丽薇兰特级初榨橄榄油,热量：814 大卡(每100克),http://www.boohee.com/shiwu/ouliweilantejichuzhaganlanyou
617,金龙鱼 玉米油,热量：884 大卡(每100克),http://www.boohee.com/shiwu/jinlongyuyumiyou
618,胡麻油，又叫亚麻油、亚麻子油、胡麻子油,热量：900 大卡(每100克),http://www.boohee.com/shiwu/humayou
619,粟米油，又叫玉米胚芽油,热量：900 大卡(每100克),http://www.boohee.com/shiwu/sumiyou
620,茶油,热量：899 大卡(每100克),http://www.boohee.com/shiwu/chayou
621,大麻油,热量：899 大卡(每100克),http://www.boohee.com/shiwu/damayou
622,佳之选 橄榄油,热量：823 大卡(每100克),http://www.boohee.com/shiwu/jiazhixuanpaiganlanyou
623,金牛 芝麻油,热量：899 大卡(每100克),http://www.boohee.com/shiwu/xiangyou13
624,坎诺拉健康黄油,热量：700 大卡(每100克),http://www.boohee.com/shiwu/kannuolajiankanghuangyou
625,olivoila 初榨橄榄油,热量：884 大卡(每100克),http://www.boohee.com/shiwu/olivoilachuzhaganlanyou
626,牛油，又叫牛脂,热量：835 大卡(每100克),http://www.boohee.com/shiwu/niuyou
627,融氏纯玉米油,热量：860 大卡(每100克),http://www.boohee.com/shiwu/rongshichunyumiyou
628,安佳淡奶油,热量：350 大卡(每100克),http://www.boohee.com/shiwu/anjiadannaiyou
629,黄油渣,热量：599 大卡(每100克),http://www.boohee.com/shiwu/huangyouzha
630,牛油(炼),热量：898 大卡(每100克),http://www.boohee.com/shiwu/niuyou_lian
631,光明植物黄油,热量：719 大卡(每100克),http://www.boohee.com/shiwu/guangmingzhiwuhuangyou2
632,雀巢 三花全脂淡奶,热量：141 大卡(每100克),http://www.boohee.com/shiwu/quechaosanhuaquanzhidannai
633,棕榈油,热量：900 大卡(每100克),http://www.boohee.com/shiwu/zonglvyou
634,麦芽油,热量：899 大卡(每100克),http://www.boohee.com/shiwu/maiyayou
635,油茶籽油,热量：898 大卡(每100克),http://www.boohee.com/shiwu/youchaziyou
636,（AGIA）阿茜娅纯橄榄油,热量：878 大卡(每100克),http://www.boohee.com/shiwu/_AGIAaqianyachunganlanyou
637,Somerfield 纯菜油,热量：900 大卡(每100克),http://www.boohee.com/shiwu/Somerfieldchuncaiyou
638,羊油，又叫羊脂,热量：824 大卡(每100克),http://www.boohee.com/shiwu/yangyou
639,棉籽油,热量：899 大卡(每100克),http://www.boohee.com/shiwu/mianziyou
640,白脱(食品工业)，又叫牛油，黄油,热量：744 大卡(每100克),http://www.boohee.com/shiwu/baituo_shipingongye
641,卡拉利特级橄榄油,热量：822 大卡(每100克),http://www.boohee.com/shiwu/kalalitejiganlanyou
642,羊油(炼),热量：895 大卡(每100克),http://www.boohee.com/shiwu/yangyou_lian
643,常春 淡奶油（麻辣味）,热量：350 大卡(每100克),http://www.boohee.com/shiwu/yingerpeifangnaifen_wandashanpai
644,PAMS超淡橄榄油,热量：810 大卡(每100克),http://www.boohee.com/shiwu/PAMSchaodanganlanyou
645,阿尔法 辣米油,热量：844 大卡(每100克),http://www.boohee.com/shiwu/yingerpeifangnaifen_shengyuanpai
646,红花油,热量：899 大卡(每100克),http://www.boohee.com/shiwu/honghuayou
647,天然世家 野生铁核桃油,热量：884 大卡(每100毫升),http://www.boohee.com/shiwu/fd7654fd
648,福临门 天天五谷食用调和油,热量：883 大卡(每100毫升),http://www.boohee.com/shiwu/fdfbdaa7
649,Lactima 牛油（无盐）,热量：740 大卡(每100克),http://www.boohee.com/shiwu/fdff787b
650,长生 特级初榨橄榄油,热量：877 大卡(每100克),http://www.boohee.com/shiwu/changshengtejichuzhaganlanyou
651,珠江 桥牌小磨芝麻油,热量：900 大卡(每100克),http://www.boohee.com/shiwu/zhujiangqiaopaixiaomozhimayou
652,鸭油(炼),热量：897 大卡(每100克),http://www.boohee.com/shiwu/yayou_lian
653,核桃油,热量：895 大卡(每100克),http://www.boohee.com/shiwu/hetaoyou
654,椰子油,热量：898 大卡(每100克),http://www.boohee.com/shiwu/yeziyou
655,统一纯橄榄油,热量：818 大卡(每100克),http://www.boohee.com/shiwu/tongyichunganlanyou
656,酥油,热量：860 大卡(每100克),http://www.boohee.com/shiwu/suyou
657,HOMEBRAND鲜奶油,热量：331 大卡(每100克),http://www.boohee.com/shiwu/HOMEBRANDxiannaiyou
658,Allowuie zero黄油,热量：733 大卡(每100克),http://www.boohee.com/shiwu/Allowuiehizerohuangyou
659,Land Lakes油菜籽植物黄油,热量：714 大卡(每100克),http://www.boohee.com/shiwu/youcaizizhiwuhuangyou
660,米糠油,热量：894 大卡(每100克),http://www.boohee.com/shiwu/mikangyou
661,五丰 花椒油,热量：805 大卡(每100毫升),http://www.boohee.com/shiwu/fd9d8467
662,保生堂 亚麻籽油,热量：884 大卡(每100毫升),http://www.boohee.com/shiwu/fd4ab052
663,安佳 黄油（有盐）,热量：733 大卡(每100克),http://www.boohee.com/shiwu/anjiahuangyou_youyan
664,梅赛德斯 特级初榨橄榄油,热量：810 大卡(每100毫升),http://www.boohee.com/shiwu/fd3a32d9
665,福来康泰 亚麻籽玉米食用调和油,热量：883 大卡(每100毫升),http://www.boohee.com/shiwu/fd44c710
666,Terra Creta/克里特之光 特级初榨橄榄油,热量：814 大卡(每100毫升),http://www.boohee.com/shiwu/fd68fce3
667,福临门 纯香大豆油（非转基因）,热量：883 大卡(每100克),http://www.boohee.com/shiwu/fdbd53be
668,蜀九香 芝麻调和油,热量：884 大卡(每100毫升),http://www.boohee.com/shiwu/fd4f7af3
669,拉杜蓝乔 压榨亚麻籽油,热量：884 大卡(每100毫升),http://www.boohee.com/shiwu/fd7f0621
670,甘蒂 特级初榨橄榄油,热量：804 大卡(每100克),http://www.boohee.com/shiwu/fd3af67b
671,Meiji/明治 高纤黄油,热量：265 大卡(每100毫升),http://www.boohee.com/shiwu/fdeb1c8b
672,百尚/Payson Breton 淡黄油块,热量：731 大卡(每100克),http://www.boohee.com/shiwu/fd675235
673,Cocoyummy 有机农椰子油,热量：802 大卡(每100毫升),http://www.boohee.com/shiwu/fd530cb1
674,Sparta Tree 黄金树亚麻籽油,热量：884 大卡(每100毫升),http://www.boohee.com/shiwu/fd44c875
675,优飨 纯正亚麻籽油,热量：884 大卡(每100毫升),http://www.boohee.com/shiwu/fdb72e22
676,Jax Coco/珏士高 初榨椰子油,热量：820 大卡(每100克),http://www.boohee.com/shiwu/fd6f8381
677,Mabarajab's Choice 酥油,热量：884 大卡(每100克),http://www.boohee.com/shiwu/fd98ba39
678,蒙草香 亚麻籽油,热量：884 大卡(每100毫升),http://www.boohee.com/shiwu/fd6d9057
679,纵宝 蟹黄油,热量：406 大卡(每100克),http://www.boohee.com/shiwu/fda3e055
680,马赛罗 特级初榨橄榄油,热量：807 大卡(每100毫升),http://www.boohee.com/shiwu/fdc39405
681,西王智利多 有机亚麻籽油,热量：883 大卡(每100毫升),http://www.boohee.com/shiwu/fd1e8100
682,长白工坊 有机婴幼儿装亚麻籽油,热量：884 大卡(每100毫升),http://www.boohee.com/shiwu/changbaigongfanghiyoujiyingyou
683,Balade 低脂黄油,热量：386 大卡(每100克),http://www.boohee.com/shiwu/fd3bbfb7
684,Lucerne  鲜奶油,热量：300 大卡(每100克),http://www.boohee.com/shiwu/fdc389a0
685,金龙鱼 纯香大豆油,热量：884 大卡(每100毫升),http://www.boohee.com/shiwu/fd59f393
686,Kirkland 特级冷压初榨橄榄油,热量：824 大卡(每100毫升),http://www.boohee.com/shiwu/fd371554
687,福来康泰 紫苏籽油,热量：884 大卡(每100毫升),http://www.boohee.com/shiwu/fdcb7581
688,Gold'n Canola Ω-3油,热量：813 大卡(每100克),http://www.boohee.com/shiwu/fdf20906
689,爱度 六度提纯亚麻籽油,热量：883 大卡(每100毫升),http://www.boohee.com/shiwu/fd6245ac
690,香必居 鲜花椒油,热量：883 大卡(每100毫升),http://www.boohee.com/shiwu/fdca4961
691,长白工坊 有机南瓜籽油,热量：884 大卡(每100毫升),http://www.boohee.com/shiwu/changbaigongfanghiyoujinanguaz
692,蓝多胡/Land O Lakes 喷射低脂鲜奶油,热量：300 大卡(每100克),http://www.boohee.com/shiwu/LandhiOhiLakeshilanduohuhipens
693,福来康泰 有机冷榨亚麻籽油,热量：883 大卡(每100毫升),http://www.boohee.com/shiwu/fdda04f9
694,Aurora 橄榄油,热量：800 大卡(每100毫升),http://www.boohee.com/shiwu/fd085d35
695,幸福小农 黑豆油,热量：891 大卡(每100毫升),http://www.boohee.com/shiwu/fd4f7014
696,欧蒂斯 初榨橄榄油,热量：884 大卡(每100毫升),http://www.boohee.com/shiwu/fd4dd770
697,可可汇 初榨椰子油,热量：880 大卡(每100毫升),http://www.boohee.com/shiwu/fd65d63f
698,多美鲜 suki 无盐黄油,热量：179 大卡(每100克),http://www.boohee.com/shiwu/duomeixianhisukihiwuyanhuangyo
699,弗朗多 特级初榨橄榄油,热量：884 大卡(每100克),http://www.boohee.com/shiwu/fd50785d
700,欧丽薇兰 特级初榨橄榄油,热量：884 大卡(每100毫升),http://www.boohee.com/shiwu/fd3ea0de
701,蜂蜜，又叫石蜜、石饴、食蜜、蜜、白蜜、白沙蜜、蜜糖、蜂糖、百花精、众口芝,热量：321 大卡(每100克),http://www.boohee.com/shiwu/fengmi
702,白砂糖，又叫白糖、糖、砂糖、石蜜、白霜糖,热量：400 大卡(每100克),http://www.boohee.com/shiwu/baishatang
703,蜂蜜（槐花）,热量：361 大卡(每100克),http://www.boohee.com/shiwu/fengmi_huaihua
704,红糖，又叫土红糖、红糖,热量：389 大卡(每100克),http://www.boohee.com/shiwu/hongtang
705,榨菜,热量：33 大卡(每100克),http://www.boohee.com/shiwu/zhacai
706,酱油，又叫豉油、酱汁、豉汁,热量：63 大卡(每100克),http://www.boohee.com/shiwu/jiangyou_junzhi
707,醋，又叫苦酒、淳酢、醯、酢,热量：31 大卡(每100克),http://www.boohee.com/shiwu/cu_junzhi
708,芝麻酱,热量：630 大卡(每100克),http://www.boohee.com/shiwu/zhimajiang
709,腐乳(红)，又叫南乳、酱豆腐,热量：153 大卡(每100克),http://www.boohee.com/shiwu/furu_hong
710,腐乳(白)，又叫酱豆腐、豆腐乳,热量：135 大卡(每100克),http://www.boohee.com/shiwu/furu_bai
711,沙拉酱（色拉酱）,热量：724 大卡(每100克),http://www.boohee.com/shiwu/shalajiang
712,豆瓣酱，又叫蚕豆酱,热量：181 大卡(每100克),http://www.boohee.com/shiwu/doubanjiang
713,豆沙,热量：247 大卡(每100克),http://www.boohee.com/shiwu/dousha
714,榨菜（正林牌）,热量：63 大卡(每100克),http://www.boohee.com/shiwu/zhacai_zhenglinpai
715,甜面酱，又叫面酱、甜酱,热量：139 大卡(每100克),http://www.boohee.com/shiwu/tianmianjiang
716,酱黄瓜,热量：26 大卡(每100克),http://www.boohee.com/shiwu/jianghuanggua
717,千岛沙拉酱，又叫沙拉酱、沙律酱、美乃滋,热量：475 大卡(每100克),http://www.boohee.com/shiwu/qiandaoshalajiang
718,雪菜，又叫雪里蕻,热量：39 大卡(每100克),http://www.boohee.com/shiwu/xuecai
719,番茄沙司,热量：112 大卡(每100克),http://www.boohee.com/shiwu/fanqieshasi
720,白醋,热量：6 大卡(每100克),http://www.boohee.com/shiwu/baicu
721,花生酱,热量：600 大卡(每100克),http://www.boohee.com/shiwu/huashengjiang
722,红豆沙,热量：244 大卡(每100克),http://www.boohee.com/shiwu/hongdousha
723,辣椒酱，又叫辣椒糊,热量：36 大卡(每100克),http://www.boohee.com/shiwu/lajiaojiang
724,味精，又叫味素、味之素,热量：268 大卡(每100克),http://www.boohee.com/shiwu/weijing
725,榨菜（鱼泉牌）,热量：51 大卡(每100克),http://www.boohee.com/shiwu/zhacai_yuquanpai
726,冰糖,热量：397 大卡(每100克),http://www.boohee.com/shiwu/bingtang
727,鸡精,热量：195 大卡(每100克),http://www.boohee.com/shiwu/jijing
728,番茄酱，又叫茄汁,热量：83 大卡(每100克),http://www.boohee.com/shiwu/fanqiejiang
729,绵白糖,热量：396 大卡(每100克),http://www.boohee.com/shiwu/mianbaitang
730,食盐，又叫盐、盐巴、咸鹾,热量：0 大卡(每100克),http://www.boohee.com/shiwu/jingyan
731,腐乳(香辣味）,热量：158 大卡(每100克),http://www.boohee.com/shiwu/furu_xianglawei
732,牛肉酱（阿香婆）,热量：488 大卡(每100克),http://www.boohee.com/shiwu/niuroujiang_axiangpo
733,红豆馅,热量：261 大卡(每100克),http://www.boohee.com/shiwu/hongdouxian
734,豆瓣辣酱,热量：73 大卡(每100克),http://www.boohee.com/shiwu/doubanlajiang
735,麻辣酱,热量：145 大卡(每100克),http://www.boohee.com/shiwu/malajiang
736,糟豆腐乳，又叫糟乳,热量：157 大卡(每100克),http://www.boohee.com/shiwu/zaodoufuru
737,广乐香辣咸菜,热量：60 大卡(每100克),http://www.boohee.com/shiwu/guanglexianglaxiancai
738,腐乳(臭)，又叫臭豆腐、臭腐乳,热量：132 大卡(每100克),http://www.boohee.com/shiwu/furu_chou
739,酱油(高级),热量：71 大卡(每100克),http://www.boohee.com/shiwu/jiangyou_gaoji
740,陈醋,热量：114 大卡(每100克),http://www.boohee.com/shiwu/chencu
741,苹果酱,热量：278 大卡(每100克),http://www.boohee.com/shiwu/pingguojiang
742,宫岛 橄榄菜,热量：358 大卡(每100克),http://www.boohee.com/shiwu/gongdaoganlancai
743,辣椒粉,热量：290 大卡(每100克),http://www.boohee.com/shiwu/lajiaofen
744,蜂蜜（油菜花）,热量：338 大卡(每100克),http://www.boohee.com/shiwu/fengmi_youcaihua
745,蒜蓉辣酱,热量：96 大卡(每100克),http://www.boohee.com/shiwu/suanronglajiang
746,胡椒粉,热量：361 大卡(每100克),http://www.boohee.com/shiwu/hujiaofen
747,腌雪里蕻，又叫腌雪菜,热量：29 大卡(每100克),http://www.boohee.com/shiwu/axuelihong
748,草莓酱,热量：270 大卡(每100克),http://www.boohee.com/shiwu/caomeijiang
749,五香豆豉，又叫大苦、香豉、康伯,热量：270 大卡(每100克),http://www.boohee.com/shiwu/wuxiangdouchi
750,豆瓣酱(辣油),热量：188 大卡(每100克),http://www.boohee.com/shiwu/doubanjiang_layou
751,剁辣椒,热量：42 大卡(每100克),http://www.boohee.com/shiwu/duolajiao
752,咖喱粉,热量：341 大卡(每100克),http://www.boohee.com/shiwu/kalifen
753,香油辣酱,热量：67 大卡(每100克),http://www.boohee.com/shiwu/xiangyoulajiang
754,酱花生米,热量：367 大卡(每100克),http://www.boohee.com/shiwu/jianghuashengmi
755,生抽,热量：20 大卡(每100克),http://www.boohee.com/shiwu/shengchou
756,酱油(三鲜),热量：41 大卡(每100克),http://www.boohee.com/shiwu/jiangyou_sanxian
757,太古 纯正方糖,热量：400 大卡(每100克),http://www.boohee.com/shiwu/taiguchunzhengfangtang
758,蒜头(甜)，又叫糖蒜,热量：117 大卡(每100克),http://www.boohee.com/shiwu/suantou_tian
759,蜂蜜（硬蜜）,热量：328 大卡(每100克),http://www.boohee.com/shiwu/fengmi_yingmi
760,鱼泉榨菜（低盐）,热量：57 大卡(每100克),http://www.boohee.com/shiwu/yuquanzhacaihidiyanhi
761,海鲜酱（阿香婆）,热量：492 大卡(每100克),http://www.boohee.com/shiwu/haixianjiang_axiangpo
762,面包屑,热量：355 大卡(每100克),http://www.boohee.com/shiwu/mianbaoxie
763,家乐浓汤宝（老母鸡汤）,热量：171 大卡(每100克),http://www.boohee.com/shiwu/jialenongtangbao
764,葱伴侣大酱 袋装180g,热量：139 大卡(每100克),http://www.boohee.com/shiwu/congbanlvdajiang
765,helios果爱草莓果酱（无糖）,热量：105 大卡(每100克),http://www.boohee.com/shiwu/heliosguoaicaomeiguojianghiwutanghi
766,牛头牌 沙茶酱,热量：757 大卡(每100克),http://www.boohee.com/shiwu/niutoupaishachajiang
767,黄酱，又叫大豆酱、豆酱、大酱,热量：138 大卡(每100克),http://www.boohee.com/shiwu/huangjiang
768,腐乳（白，王致和牌）[酱豆腐],热量：153 大卡(每100克),http://www.boohee.com/shiwu/furu_bai_wangzhihepai_jiangdoufu
769,甜辣黄瓜,热量：102 大卡(每100克),http://www.boohee.com/shiwu/tianlahuanggua
770,酱油(一级),热量：66 大卡(每100克),http://www.boohee.com/shiwu/jiangyou_yiji
771,美极酸辣汤料,热量：323 大卡(每100克),http://www.boohee.com/shiwu/meijisuanlatangliao
772,什锦菜,热量：38 大卡(每100克),http://www.boohee.com/shiwu/shijincai
773,五香粉,热量：359 大卡(每100克),http://www.boohee.com/shiwu/wuxiangfen
774,香醋,热量：68 大卡(每100克),http://www.boohee.com/shiwu/xiangcu
775,酱大头菜,热量：41 大卡(每100克),http://www.boohee.com/shiwu/jiangdatoucai
776,鱼子酱，又叫鱼籽酱,热量：201 大卡(每100克),http://www.boohee.com/shiwu/yuzijiang
777,鱼泉牌鲜香榨菜,热量：74 大卡(每100克),http://www.boohee.com/shiwu/yuquanpaixianxiangzhacai
778,家乐番茄沙司,热量：94 大卡(每100克),http://www.boohee.com/shiwu/jialefanqieshasi
779,老抽,热量：129 大卡(每100克),http://www.boohee.com/shiwu/laochou
780,芙蓉鲜蔬汤,热量：388 大卡(每100克),http://www.boohee.com/shiwu/furongxianshutang
781,花椒，又叫大椒、蜀椒、点椒,热量：316 大卡(每100克),http://www.boohee.com/shiwu/huajiao
782,萝卜干，又叫菜脯,热量：67 大卡(每100克),http://www.boohee.com/shiwu/luobogan
783,SMUCKER'S红树莓果酱,热量：250 大卡(每100克),http://www.boohee.com/shiwu/SMUCKERhiShongshumeiguojiang
784,TEDDIE 花生酱(颗粒),热量：594 大卡(每100克),http://www.boohee.com/shiwu/TEDDIEhiPEANUThiBUTTERhihiCHUNKYhi
785,牛肉辣瓣酱,热量：129 大卡(每100克),http://www.boohee.com/shiwu/niuroulabanjiang
786,腐乳（白，石宝寨牌）[酱豆腐],热量：115 大卡(每100克),http://www.boohee.com/shiwu/furu_bai_shibaozhaipai_jiangdoufu
787,酱油(多味),热量：86 大卡(每100克),http://www.boohee.com/shiwu/jiangyou_duowei
788,酱蘑菇,热量：122 大卡(每100克),http://www.boohee.com/shiwu/jiangmogu
789,酸辣紫菜汤,热量：339 大卡(每100克),http://www.boohee.com/shiwu/suanlazicaitang
790,八宝菜，又叫如意菜,热量：78 大卡(每100克),http://www.boohee.com/shiwu/babaocai
791,腌芥菜头，又叫煮芥，煮疙瘩,热量：44 大卡(每100克),http://www.boohee.com/shiwu/ajiecaitou
792,家乐牌浓汤宝（牛肉味）,热量：184 大卡(每100克),http://www.boohee.com/shiwu/jialepainongtangbao_niurouwei
793,五香醋,热量：14 大卡(每100克),http://www.boohee.com/shiwu/wuxiangcu
794,家乐牌浓汤宝（浓滑鱼汤）,热量：161 大卡(每100克),http://www.boohee.com/shiwu/jialepainongtangbao_nonghuayutang
795,黄豆酱油,热量：38 大卡(每100克),http://www.boohee.com/shiwu/huangdoujiangyou
796,光明奶酪酱（原味）,热量：276 大卡(每100克),http://www.boohee.com/shiwu/guangmingnailaojiang_yuanwei
797,腌韭菜花,热量：17 大卡(每100克),http://www.boohee.com/shiwu/ajiucaihua
798,花生酱（加巧克力）,热量：633 大卡(每100克),http://www.boohee.com/shiwu/huashengjiang_jiaqiaokeli
799,家乐牌海鲜汤,热量：323 大卡(每100克),http://www.boohee.com/shiwu/jialepaihaixiantang
800,海会寺白菜豆腐乳,热量：93 大卡(每100克),http://www.boohee.com/shiwu/haihuisibaicaidoufuru
801,和路雪 轻优蛋白质豆乳雪糕,热量：112 大卡(每100克),http://www.boohee.com/shiwu/fdd2b2b1
802,和路雪 轻优低脂香草味雪糕,热量：105 大卡(每100克),http://www.boohee.com/shiwu/fd5f7db9
803,饼干,热量：435 大卡(每100克),http://www.boohee.com/shiwu/binggan_junzhi
804,O'DAY 高纤奇亚籽苏打饼干，又叫奇亚籽饼干,热量：427 大卡(每100克),http://www.boohee.com/shiwu/fdb86d54
805,蛋糕(黄蛋糕),热量：320 大卡(每100克),http://www.boohee.com/shiwu/dangao_huangdangao
806,薄荷松仁粽子糖,热量：406 大卡(每100克),http://www.boohee.com/shiwu/baohesongrenzongzitang
807,巧克力，又叫朱古力,热量：589 大卡(每100克),http://www.boohee.com/shiwu/qiaokeli
808,冰淇淋，又叫冰激凌、雪糕,热量：127 大卡(每100克),http://www.boohee.com/shiwu/bingqilin
809,红薯干，又叫地瓜干，甘薯干,热量：338 大卡(每100克),http://www.boohee.com/shiwu/diguagan
810,培根汉堡（夹熏肉，奶酪，加调料酱）,热量：311 大卡(每100克),http://www.boohee.com/shiwu/ganlaohanbaobao_jiaxunrou_jiadiaoliaojiang
811,绿豆饼（少糖少油）,热量：122 大卡(每100克),http://www.boohee.com/shiwu/lvdoubing
812,苏打饼干,热量：408 大卡(每100克),http://www.boohee.com/shiwu/sudabinggan
813,麻花,热量：527 大卡(每100克),http://www.boohee.com/shiwu/mahua
814,奶油蛋糕,热量：379 大卡(每100克),http://www.boohee.com/shiwu/naiyoudangao
815,佳梅 真之话梅,热量：180 大卡(每100克),http://www.boohee.com/shiwu/jiameizhenzhihuamei
816,月饼(豆沙),热量：411 大卡(每100克),http://www.boohee.com/shiwu/yuebing_dousha
817,山楂果丹皮,热量：326 大卡(每100克),http://www.boohee.com/shiwu/shanchaguodanpi
818,蛋糕,热量：348 大卡(每100克),http://www.boohee.com/shiwu/dangao_junzhi
819,沙琪玛蛋酥,热量：506 大卡(每100克),http://www.boohee.com/shiwu/shaqimadansu
820,Easy Fun 高蛋白夹心卷（牛奶味）,热量：485 大卡(每100克),http://www.boohee.com/shiwu/fd035e08
821,锅巴（小米）,热量：554 大卡(每100克),http://www.boohee.com/shiwu/guoba_xiaomi
822,薯片（烧烤味）,热量：548 大卡(每100克),http://www.boohee.com/shiwu/shupian_shaokaowei
823,冰棍,热量：47 大卡(每100克),http://www.boohee.com/shiwu/binggun
824,板油酥饼,热量：360 大卡(每100克),http://www.boohee.com/shiwu/banyousubing
825,巧克力(维夫)，又叫朱古力威化,热量：575 大卡(每100克),http://www.boohee.com/shiwu/qiaokeli_weifu
826,奶糖,热量：407 大卡(每100克),http://www.boohee.com/shiwu/naitang
827,曲奇饼,热量：546 大卡(每100克),http://www.boohee.com/shiwu/quqibing
828,蛋糕（巧克力）,热量：437 大卡(每100克),http://www.boohee.com/shiwu/dangao_qiaokeli
829,奶油饼干,热量：431 大卡(每100克),http://www.boohee.com/shiwu/naiyoubinggan
830,酥皮糕点,热量：429 大卡(每100克),http://www.boohee.com/shiwu/supigaodian
831,和路雪绿豆妹妹冰棍,热量：120 大卡(每100克),http://www.boohee.com/shiwu/heluxuelvdoumeimeibinggun
832,面包条（白）,热量：283 大卡(每100克),http://www.boohee.com/shiwu/mianbaotiao_bai
833,肯德基 薯条,热量：298 大卡(每100克),http://www.boohee.com/shiwu/shutiao_kendeji
834,爆米花,热量：387 大卡(每100克),http://www.boohee.com/shiwu/baomihua
835,桃酥,热量：483 大卡(每100克),http://www.boohee.com/shiwu/taosu
836,时兴隆鱿鱼丝,热量：333 大卡(每100克),http://www.boohee.com/shiwu/shixinglongyouyusi
837,百乐宝 巧克力雪糕,热量：174 大卡(每100克),http://www.boohee.com/shiwu/bailebaoqiaokelixuegao
838,大雪糕,热量：74 大卡(每100克),http://www.boohee.com/shiwu/daxuegao
839,饼干（苏打夹心）,热量：463 大卡(每100克),http://www.boohee.com/shiwu/binggan_sudajiaxin
840,好丽友 蛋黄派[注心蛋黄派],热量：448 大卡(每100克),http://www.boohee.com/shiwu/haoliyoudanhuangpaihizhuxindanhuangpaihi
841,单层汉堡（单层肉饼，无调料酱）,热量：316 大卡(每100克),http://www.boohee.com/shiwu/ganlaohanbaobao_putongxing_jiadancengroubing_wudiaoliaojiang
842,O'Day 高蛋白鸡胸肉肠，又叫鸡肉肠,热量：133 大卡(每100克),http://www.boohee.com/shiwu/fdaa5a31
843,绿豆糕,热量：351 大卡(每100克),http://www.boohee.com/shiwu/lvdougao
844,西式蛋糕,热量：316 大卡(每100克),http://www.boohee.com/shiwu/xishidangao
845,野澤 猴肉（腊梅味） ,热量：295 大卡(每100克),http://www.boohee.com/shiwu/nuomifantuan
846,山楂球,热量：371 大卡(每100克),http://www.boohee.com/shiwu/shanchaqiu
847,德芙 香浓黑巧克力,热量：542 大卡(每100克),http://www.boohee.com/shiwu/defuxiangnongheiqiaokeli
848,夹心酥饼,热量：482 大卡(每100克),http://www.boohee.com/shiwu/jiaxinsubing
849,月饼(五仁),热量：424 大卡(每100克),http://www.boohee.com/shiwu/yuebing_wuren
850,锅巴（豆香）,热量：528 大卡(每100克),http://www.boohee.com/shiwu/guoba_douxiang
851,和路雪 红豆冰棍 ,热量：91 大卡(每100克),http://www.boohee.com/shiwu/heluxuehongdoubinggunhi
852,牛奶糖,热量：435 大卡(每100克),http://www.boohee.com/shiwu/niunaitang
853,太平 梳打饼干海苔口味,热量：485 大卡(每100克),http://www.boohee.com/shiwu/taipingshudabinggan-haitaikouwei
854,鸡汁味干脆面（面饼+调味料）,热量：505 大卡(每100克),http://www.boohee.com/shiwu/jizhiweigancuimian_mianbingdiaoweiliao
855,蚕豆(炸)，又叫开花豆、胡豆、夏豆、罗汉豆,热量：447 大卡(每100克),http://www.boohee.com/shiwu/candou_zha
856,巧克力（黑），又叫黑巧克力,热量：516 大卡(每100克),http://www.boohee.com/shiwu/qiaokeli_hei
857,曲奇饼（加奶油）,热量：526 大卡(每100克),http://www.boohee.com/shiwu/quqibing_jianaiyou
858,酥香兰花豆,热量：419 大卡(每100克),http://www.boohee.com/shiwu/suxianglanhuadou
859,金色传奇鱿鱼丝（原味）,热量：345 大卡(每100克),http://www.boohee.com/shiwu/jinsechuanqiyouyusi
860,麦当劳 薯条,热量：242 大卡(每100克),http://www.boohee.com/shiwu/maidanglaoshutiao_zhong
861,雪米饼,热量：463 大卡(每100克),http://www.boohee.com/shiwu/xuemibing
862,蛋糕（水果）,热量：347 大卡(每100克),http://www.boohee.com/shiwu/dangao_shuiguo
863,酥糖,热量：436 大卡(每100克),http://www.boohee.com/shiwu/sutang
864,水晶糖,热量：395 大卡(每100克),http://www.boohee.com/shiwu/shuijingtang
865,海苔,热量：270 大卡(每100克),http://www.boohee.com/shiwu/haitai
866,麦当劳 脆薯饼,热量：308 大卡(每100克),http://www.boohee.com/shiwu/maidanglaocuishubing
867,维维嚼益嚼（葡萄干+花生）,热量：411 大卡(每100克),http://www.boohee.com/shiwu/weiweijiaoyijiao_putaoganhuasheng
868,驴打滚,热量：198 大卡(每100克),http://www.boohee.com/shiwu/lvdagun
869,达能 佳钙牛奶甜酥饼干牛奶口味,热量：468 大卡(每100克),http://www.boohee.com/shiwu/danengjiagainiunaitiansubingganniunaikouwei
870,牛奶饼干,热量：408 大卡(每100克),http://www.boohee.com/shiwu/niunaibinggan
871,麦当劳 麦香鸡,热量：283 大卡(每100克),http://www.boohee.com/shiwu/maidanglao_maixiangji
872,油面筋，又叫面筋泡、油炸生筋,热量：492 大卡(每100克),http://www.boohee.com/shiwu/youmianjin
873,千亿朵星光 益生菌含片(酸甜芒果味),热量：379 大卡(每100克),http://www.boohee.com/shiwu/fde63ca9
874,Easy Fun 阿胶糕（玫瑰型）,热量：426 大卡(每100克),http://www.boohee.com/shiwu/fdbce4eb
875,Easy Fun 益生元龟苓膏,热量：39 大卡(每100克),http://www.boohee.com/shiwu/fd02353b
876,枸杞，又叫甘杞、贡杞、枸杞子、红耳坠、苟起子、枸杞红实、西枸杞、狗奶子、血枸子、血杞子,热量：258 大卡(每100克),http://www.boohee.com/shiwu/gouqizi
877,陈皮，又叫橘皮、贵老、红皮、黄橘皮、广橘皮、新会皮,热量：319 大卡(每100克),http://www.boohee.com/shiwu/chenpi
878,栝楼根粉，又叫栝楼粉、蒌粉、天花粉,热量：397 大卡(每100克),http://www.boohee.com/shiwu/huafen_youcai
879,葛根，又叫野葛、鹿霍、黄斤、鸡齐根、干葛、甘葛、粉葛、黄葛根,热量：181 大卡(每100克),http://www.boohee.com/shiwu/gegen
880,阿拉斯加 康力士螺旋藻复合片,热量：335 大卡(每100克),http://www.boohee.com/shiwu/alasijiakanglishiluoxuanzaofuhepian
881,可康 果冻条（苦瓜味）,热量：92 大卡(每100克),http://www.boohee.com/shiwu/babaozhou_wutang_wahahapai
882,旺旺雪饼（香辣味）,热量：400 大卡(每100克),http://www.boohee.com/shiwu/wangwangxuebing_xianglawei
883,薯片（香辣味）,热量：555 大卡(每100克),http://www.boohee.com/shiwu/shupian_xianglawei
884,冰淇凌（脆皮甜筒）,热量：158 大卡(每100克),http://www.boohee.com/shiwu/bingqiling_cuipitiantong
885,饼干（咸）,热量：496 大卡(每100克),http://www.boohee.com/shiwu/binggan_xian
886,月饼(枣泥),热量：427 大卡(每100克),http://www.boohee.com/shiwu/yuebing_zaoni
887,吉百利怡口莲,热量：416 大卡(每100克),http://www.boohee.com/shiwu/jibailiyikoulian
888,智神 阿胶蜜枣,热量：314 大卡(每100克),http://www.boohee.com/shiwu/zhishenajiaomizao
889,蜜麻花,热量：369 大卡(每100克),http://www.boohee.com/shiwu/mimahua
890,混糖糕点,热量：455 大卡(每100克),http://www.boohee.com/shiwu/huntanggaodian
891,冰淇凌（巧克力圣代）,热量：173 大卡(每100克),http://www.boohee.com/shiwu/bingqiling_qiaokelishengdai
892,思朗 纤麸高纤消化饼,热量：473 大卡(每100克),http://www.boohee.com/shiwu/xianfugaoxianxiaohuabinggan
893,韩国爆米花,热量：430 大卡(每100克),http://www.boohee.com/shiwu/hanguobaomihua
894,乐事薯片鲜浓番茄味,热量：530 大卡(每100克),http://www.boohee.com/shiwu/leshishupianxiannongfanqiewei
895,月饼（奶油连芸）,热量：361 大卡(每100克),http://www.boohee.com/shiwu/yuebing_naiyoulianyun
896,花生芝麻糖,热量：498 大卡(每100克),http://www.boohee.com/shiwu/huashengzhimatang
897,德芙 榛仁巧克力,热量：568 大卡(每100克),http://www.boohee.com/shiwu/defuzhenrenqiaokeli
898,巧克力（果仁）,热量：511 大卡(每100克),http://www.boohee.com/shiwu/qiaokeli_guoren
899,鲜桃果汁糖,热量：397 大卡(每100克),http://www.boohee.com/shiwu/xiantaoguozhitang
900,财记 脆香花生酥,热量：581 大卡(每100克),http://www.boohee.com/shiwu/caijicuixianghuashengsu
901,美国GBN进口蛋白质粉,热量：407 大卡(每100克),http://www.boohee.com/shiwu/meiguoGBNjinkoudanbaizhifen
902,花粉（油松），又叫松花粉,热量：398 大卡(每100克),http://www.boohee.com/shiwu/huafen_yousong
903,阿拉斯加 康力士乳清蛋白粉（香草味）,热量：395 大卡(每100克),http://www.boohee.com/shiwu/alasijiakanglishiruqingdanbaifen_xiangcaowei
904,菊花（干），又叫怀菊花、节华、日精、女节、女华、周盈、傅延年、甘菊、真菊、金精、金蕊、馒头菊、甜菊花,热量：242 大卡(每100克),http://www.boohee.com/shiwu/juhua
905,花粉（荞麦）,热量：353 大卡(每100克),http://www.boohee.com/shiwu/huafen_qiaomai
906,纽崔莱 果蔬纤维素嚼片,热量：488 大卡(每100克),http://www.boohee.com/shiwu/niucuilaiguoshuxianweisujiaopian
907,阿拉斯加 康力士玫瑰果提取物复合片,热量：402 大卡(每100克),http://www.boohee.com/shiwu/alasijiakanglishimeiguiguotiquwufuhepian
908,蚕蛹,热量：230 大卡(每100克),http://www.boohee.com/shiwu/canyong
909,金日 高营养蛋白质粉,热量：197 大卡(每100克),http://www.boohee.com/shiwu/jinripaigaoyingyangdanbaizhifen
910,米粉（雀巢）,热量：376 大卡(每100克),http://www.boohee.com/shiwu/mifen_quechao
911,德芙 牛奶巧克力和黑巧克力精巧装,热量：543 大卡(每100克),http://www.boohee.com/shiwu/defuniunaiheheiqiaokelijingqiaozhuang
912,好丽友 蛋黄派（酸奶味）,热量：436 大卡(每100克),http://www.boohee.com/shiwu/haoliyouhidanhuangpaihisuannaiweihi
913,新家园 烤馍锅巴（比萨风味） 75g,热量：400 大卡(每100克),http://www.boohee.com/shiwu/xinjiayuankaomoguobabisafengwei
914,棒冰,热量：73 大卡(每100克),http://www.boohee.com/shiwu/bangbing_kelebing
915,大白兔红豆奶糖,热量：400 大卡(每100克),http://www.boohee.com/shiwu/dabaituhongdounaitang
916,月饼(百寿宴点),热量：435 大卡(每100克),http://www.boohee.com/shiwu/yuebing_baishouyandian
917,水果味软糖,热量：369 大卡(每100克),http://www.boohee.com/shiwu/shuiguoweiruantang
918,十月初五凤梨酥,热量：433 大卡(每100克),http://www.boohee.com/shiwu/shiyuechuwufenglisu
919,Easy Fun 柿种（海盐风味）,热量：409 大卡(每100克),http://www.boohee.com/shiwu/fdd937c6
920,Easy Fun 姜汁薄脆,热量：446 大卡(每100克),http://www.boohee.com/shiwu/fd030b6f
921,肉桂，又叫桂皮、牡桂、桂、大桂、筒桂、辣桂、玉桂,热量：278 大卡(每100克),http://www.boohee.com/shiwu/rougui
922,茯苓，又叫茯苓个、茯苓皮、茯苓块、赤茯苓、白茯苓、茯菟、伏灵、松腴、不死面、云苓、松薯、松苓、松木薯,热量：178 大卡(每100克),http://www.boohee.com/shiwu/fulian
923,乳儿糕,热量：366 大卡(每100克),http://www.boohee.com/shiwu/ruergao
924,DHC浓缩膳食纤维粉,热量：194 大卡(每100克),http://www.boohee.com/shiwu/DHCnongsuoshanshixianweifen
925,罗汉果，又叫假苦瓜、拉汉果、光果木鳖、,热量：246 大卡(每100克),http://www.boohee.com/shiwu/luohanguo
926,米粉（蔬菜，亨氏）,热量：394 大卡(每100克),http://www.boohee.com/shiwu/mifen_shucai_hengshi
927,薄荷(鲜)，又叫香花菜、绿薄荷、夜兰香、夜来香、月见草,热量：34 大卡(每100克),http://www.boohee.com/shiwu/baohe_xian
928,蛇,热量：85 大卡(每100克),http://www.boohee.com/shiwu/she_junzhi
929,紫苏(鲜)，又叫赤苏、白苏、苏、苏叶,热量：51 大卡(每100克),http://www.boohee.com/shiwu/zisu_xian
930,枣仁,热量：367 大卡(每100克),http://www.boohee.com/shiwu/zaoren
931,米粉（胡萝卜，亨氏）,热量：386 大卡(每100克),http://www.boohee.com/shiwu/mifen_huluobo_hengshi
932,冬虫夏草，又叫虫草、冬虫草（甘肃）、夏草冬虫、雅扎贡布（藏语）,热量：292 大卡(每100克),http://www.boohee.com/shiwu/dongchongxiacao
933,营养乳儿糕,热量：365 大卡(每100克),http://www.boohee.com/shiwu/yingyangruergao
934,阿拉斯加 康力士牡蛎提取物软胶囊（含钙）,热量：326 大卡(每100克),http://www.boohee.com/shiwu/alasijiakanglishimulitiquwuruanjiaonang_hangai
935,米粉（猪肝蔬菜，亨氏）,热量：391 大卡(每100克),http://www.boohee.com/shiwu/mifen_zhuganshucai_hengshi
936,优莎娜纤维素（水蜜桃芒果）,热量：267 大卡(每100克),http://www.boohee.com/shiwu/youshanaxianweisu_shuimitaomangguo
937,鸡肝蔬菜泥（亨氏）,热量：76 大卡(每100克),http://www.boohee.com/shiwu/jiganshucaini_hengshi
938,米粉（鱼肉蔬菜，亨氏）,热量：383 大卡(每100克),http://www.boohee.com/shiwu/mifen_yuroushucai_hengshi
939,白芷，又叫芳香、泽芬、香白芷,热量：324 大卡(每100克),http://www.boohee.com/shiwu/baizhi
940,决明(鲜)，又叫羊明、马蹄决明、钝叶决明、假绿豆、草决明、还瞳子、狗屎豆,热量：1 大卡(每100克),http://www.boohee.com/shiwu/jueming_xian
941,亨氏牌婴儿营养米粉DHA蔬菜口味,热量：365 大卡(每100克),http://www.boohee.com/shiwu/hengshipaiyingeryingyangmifenDHAshucaikouwei
942,天然元 啤酒酵母复合营养片含B族维生素,热量：120 大卡(每100克),http://www.boohee.com/shiwu/tianranyuanpijiujiaomufuheyingyangpianhanBzuweishengsu
943,米粉（高蛋白，雀巢）,热量：409 大卡(每100克),http://www.boohee.com/shiwu/mifen_gaodanbai_quechao
944,米粉（高蛋白，亨氏）,热量：375 大卡(每100克),http://www.boohee.com/shiwu/mifen_gaodanbai_hengshi
945,阿拉斯加 康力士谷物提取物复合片（含全家福多种维生素）,热量：210 大卡(每100克),http://www.boohee.com/shiwu/alasijiakanglishiguwutiquwufuhepian_hanquanjiafuduozhongweishengsu
946,婴儿营养粉,热量：426 大卡(每100克),http://www.boohee.com/shiwu/yingeryingyangfen
947,美国纤雅奇异子,热量：536 大卡(每100克),http://www.boohee.com/shiwu/meiguoxianyaqiyizi
948,婴儿奶糕,热量：345 大卡(每100克),http://www.boohee.com/shiwu/yingernaigao
949,薄荷(干)，又叫蕃荷菜、南薄荷、猫儿薄荷、野薄荷、升阳菜、薄苛,热量：271 大卡(每100克),http://www.boohee.com/shiwu/baohe_gan
950,甘草，又叫生甘草、粉甘草、甘草梢、甜根子、美草、蜜草、国老、甜草、粉草、蜜甘,热量：280 大卡(每100克),http://www.boohee.com/shiwu/gancao
951,建昌明列子,热量：440 大卡(每100克),http://www.boohee.com/shiwu/jianchangmingliezi
952,蝎子,热量：177 大卡(每100克),http://www.boohee.com/shiwu/xiezi
953,米粉（胡萝卜，雀巢）,热量：374 大卡(每100克),http://www.boohee.com/shiwu/mifen_huluobo_quechao
954,米粉（番茄，亨氏）,热量：391 大卡(每100克),http://www.boohee.com/shiwu/mifen_fanqie_hengshi
955,汤臣倍健蛋白混合饮料,热量：414 大卡(每100克),http://www.boohee.com/shiwu/tangchenbeijiandanbaihunheyinliao
956,钙质糕粉,热量：367 大卡(每100克),http://www.boohee.com/shiwu/gaizhigaofen
957,米粉（蔬菜，雀巢）,热量：394 大卡(每100克),http://www.boohee.com/shiwu/mifen_shucai_quechao
958,高良姜，又叫高凉姜、很姜、蛮姜、小良姜、海良姜,热量：255 大卡(每100克),http://www.boohee.com/shiwu/gaoliangjiang
959,米粉（苹果，雀巢）,热量：374 大卡(每100克),http://www.boohee.com/shiwu/mifen_pingguo_quechao
960,花椒叶（干）,热量：236 大卡(每100克),http://www.boohee.com/shiwu/huajiaoye_gan
961,紫苏,热量：295 大卡(每100克),http://www.boohee.com/shiwu/zisu
962,车前子(鲜)，又叫车轮菜、车前、当道、牛舌、虾蟆衣、牛遗、蛤蚂草、虾膜草、饯贯草、地胆草、白贯草、牛舄、胜舄、马舄,热量：73 大卡(每100克),http://www.boohee.com/shiwu/cheqianzi_xian
963,砂仁，又叫缩沙蜜、缩砂仁,热量：265 大卡(每100克),http://www.boohee.com/shiwu/sharen
964,藿香叶(鲜)，又叫兜娄婆香,热量：89 大卡(每100克),http://www.boohee.com/shiwu/hexiangye_xian
965,蜂蛹（油蜂）,热量：669 大卡(每100克),http://www.boohee.com/shiwu/fengyong_youfeng
966,仙人掌（食用），又叫风尾??、龙舌、平虑草、老鸦舌、神仙掌、霸王、观音掌、观音刺,热量：15 大卡(每100克),http://www.boohee.com/shiwu/xianrenzhang_shiyong
967,丁香，又叫公子香、子丁香、支解香、瘦香娇、雄丁香、如宇香、索瞿香、百里馨,热量：359 大卡(每100克),http://www.boohee.com/shiwu/dingxiang
968,虎杖(鲜),热量：5 大卡(每100克),http://www.boohee.com/shiwu/huzhang_xian
969,莱菔子，又叫萝卜子、芦菔子,热量：352 大卡(每100克),http://www.boohee.com/shiwu/laifuzi
970,藿香,热量：264 大卡(每100克),http://www.boohee.com/shiwu/hexiang
971,天美健 大豆肽蛋白粉,热量：280 大卡(每100克),http://www.boohee.com/shiwu/fd4579f7
972,闽贵海蜇丝,热量：8 大卡(每100克),http://www.boohee.com/shiwu/minguihaizhesi
973,ON/欧普特蒙 白金蛋白粉,热量：359 大卡(每100克),http://www.boohee.com/shiwu/fd99548b
974,采森 葡萄糖酸锌口服液,热量：0 大卡(每100毫升),http://www.boohee.com/shiwu/fded2dae
975,嘉康利 大豆蛋白质粉(香草口味),热量：380 大卡(每100克),http://www.boohee.com/shiwu/jiakanglidadoudanbaizhifen_xia
976,禧贝 胡萝卜泥,热量：38 大卡(每100克),http://www.boohee.com/shiwu/fd29e499
977,自然之家 维生素C泡腾片 （甜橙味）,热量：301 大卡(每100克),http://www.boohee.com/shiwu/fd2ec127
978,优信 牛乳钙咀嚼片,热量：410 大卡(每100克),http://www.boohee.com/shiwu/fd756a4a
979,美国克尔 啤酒酵母营养片,热量：170 大卡(每100克),http://www.boohee.com/shiwu/fd4569bf
980,汤臣倍健 多种维生素矿物质片（女士型）,热量：0 大卡(每100克),http://www.boohee.com/shiwu/fda787c5
981,健儿粉,热量：369 大卡(每100克),http://www.boohee.com/shiwu/jianerfen
982,阿拉斯加 康力士谷物提取物复合片（B族维生素）,热量：406 大卡(每100克),http://www.boohee.com/shiwu/alasijiakanglishiguwutiquwufuhepian
983,红花，又叫黄蓝、红蓝、红蓝花、草红花、刺红花、红花草,热量：220 大卡(每100克),http://www.boohee.com/shiwu/honghua
984,阿拉斯加 康力士小麦胚芽油软胶囊,热量：588 大卡(每100克),http://www.boohee.com/shiwu/alasijiakanglishixiaomaipeiyayouruanjiaonang
985,莲子健儿粉,热量：352 大卡(每100克),http://www.boohee.com/shiwu/lianzijianerfen
986,蜂蛹，又叫蜂胚、蜂仔,热量：100 大卡(每100克),http://www.boohee.com/shiwu/fengyong
987,木榧，又叫园榧,热量：539 大卡(每100克),http://www.boohee.com/shiwu/mufei
988,优莎娜纤维素（杏仁口味）,热量：303 大卡(每100克),http://www.boohee.com/shiwu/youshanaxianweisu_xingrenkouwei
989,蜂蛹（大黄蜂）,热量：109 大卡(每100克),http://www.boohee.com/shiwu/fengyong_dahuangfeng
990,仙人掌果，又叫仙桃,热量：25 大卡(每100克),http://www.boohee.com/shiwu/xianrenzhangguo
991,斯俪魅替餐棒（草莓白巧克力味）,热量：369 大卡(每100克),http://www.boohee.com/shiwu/silimeiticanbang_caomeibaiqiao
992,Rafferty's Garden 巧克力蛋奶冻,热量：101 大卡(每100克),http://www.boohee.com/shiwu/fd49bc06
993,新食力 有机速食面（胡萝卜口味）,热量：372 大卡(每100克),http://www.boohee.com/shiwu/xinshilihiyoujisushimian_huluo
994,雅培金装喜康宝星婴儿配方奶粉智护100,热量：503 大卡(每100克),http://www.boohee.com/shiwu/yapeijinzhuangxikangbaoxingyin
995,黄金搭档 维生素C含片,热量：0 大卡(每100克),http://www.boohee.com/shiwu/fdebed63
996,科力福 秋梨膏,热量：131 大卡(每100克),http://www.boohee.com/shiwu/fd64a10f
997,港铧 泡椒臭干子,热量：409 大卡(每100克),http://www.boohee.com/shiwu/fd6bffd6
998,嘉力缘 黑豆醋参片【清畅】,热量：388 大卡(每100克),http://www.boohee.com/shiwu/fdf15db6
999,NATURE VALLEY 蛋白质能量棒,热量：475 大卡(每100克),http://www.boohee.com/shiwu/fd9c1571
1000,康恩贝 维生素C泡腾片,热量：338 大卡(每100克),http://www.boohee.com/shiwu/fdeffe56
1001,牛肉面，又叫兰州拉面,热量：123 大卡(每100克),http://www.boohee.com/shiwu/niuroumian
1002,炒上海青，又叫炒青菜,热量：27 大卡(每100克),http://www.boohee.com/shiwu/chaoqingcai
1003,番茄炒蛋，又叫番茄炒鸡蛋、西红柿炒蛋、西红柿炒鸡蛋,热量：94 大卡(每100克),http://www.boohee.com/shiwu/fanqiechaodan
1004,吐司面包，又叫吐司、白吐司、面包片、切片面包,热量：278 大卡(每100克),http://www.boohee.com/shiwu/zizhitusi
1005,鸡蛋羹,热量：62 大卡(每100克),http://www.boohee.com/shiwu/qingzhengjidangeng
1006,绿豆汤,热量：46 大卡(每100克),http://www.boohee.com/shiwu/lvdoutang
1007,素炒小白菜,热量：46 大卡(每100克),http://www.boohee.com/shiwu/suchaoxiaobaicai
1008,烧茄子,热量：74 大卡(每100克),http://www.boohee.com/shiwu/shaoqiezi
1009,绿豆粥,热量：48 大卡(每100克),http://www.boohee.com/shiwu/lvdouzhou
1010,香菇青菜包，又叫香菇菜包、菜包子、素包子、素包,热量：160 大卡(每100克),http://www.boohee.com/shiwu/xiangguqingcaibaozi
1011,蛋炒饭,热量：154 大卡(每100克),http://www.boohee.com/shiwu/danchaofan
1012,红烧鳓鱼,热量：216 大卡(每100克),http://www.boohee.com/shiwu/hongshaoyu
1013,盐水虾,热量：92 大卡(每100克),http://www.boohee.com/shiwu/yanshuixia
1014,炒绿豆芽,热量：22 大卡(每100克),http://www.boohee.com/shiwu/chaolvdouya
1015,葱油饼，又叫葱花饼,热量：259 大卡(每100克),http://www.boohee.com/shiwu/congyoubing
1016,清炒西葫芦,热量：34 大卡(每100克),http://www.boohee.com/shiwu/qingchaoxihulu
1017,西红柿鸡蛋面，又叫番茄蛋面,热量：72 大卡(每100克),http://www.boohee.com/shiwu/xihongshijidanmian
1018,酸辣土豆丝,热量：122 大卡(每100克),http://www.boohee.com/shiwu/suanlatudousi
1019,红烧肉,热量：470 大卡(每100克),http://www.boohee.com/shiwu/hongshaorou
1020,韭菜包子,热量：171 大卡(每100克),http://www.boohee.com/shiwu/jiucaibaozi
1021,蒜味烧茄子,热量：60 大卡(每100克),http://www.boohee.com/shiwu/suanweishaoqiezi
1022,红烧大排,热量：248 大卡(每100克),http://www.boohee.com/shiwu/hongshaodapai
1023,杂粮煎饼，又叫山东杂粮煎饼,热量：243 大卡(每100克),http://www.boohee.com/shiwu/zaliangjianbing
1024,玉米小米粥，又叫玉米小米粥,热量：36 大卡(每100克),http://www.boohee.com/shiwu/yumitangxiaomizhou
1025,肉松面包,热量：326 大卡(每100克),http://www.boohee.com/shiwu/rousongmianbao
1026,豆沙包,热量：319 大卡(每100克),http://www.boohee.com/shiwu/doushabao
1027,麻酱拌黄瓜,热量：51 大卡(每100克),http://www.boohee.com/shiwu/majiangbanhuanggua
1028,凉拌黄瓜，又叫拍黄瓜,热量：47 大卡(每100克),http://www.boohee.com/shiwu/qingbanhuanggua
1029,红烧带鱼,热量：175 大卡(每100克),http://www.boohee.com/shiwu/hongshaodaiyu
1030,虾皮冬瓜丝,热量：45 大卡(每100克),http://www.boohee.com/shiwu/xiapidongguasi
1031,卤蛋，又叫卤鸡蛋,热量：148 大卡(每100克),http://www.boohee.com/shiwu/lujidan
1032,清炒土豆丝,热量：95 大卡(每100克),http://www.boohee.com/shiwu/qingchaotudousi
1033,清爽西兰花,热量：35 大卡(每100克),http://www.boohee.com/shiwu/qingshuangxilanhua
1034,烧麦，又叫烧卖,热量：220 大卡(每100克),http://www.boohee.com/shiwu/shaomai
1035,炒大白菜,热量：53 大卡(每100克),http://www.boohee.com/shiwu/chaodabaicai
1036,西红柿鸡蛋汤,热量：19 大卡(每100克),http://www.boohee.com/shiwu/xihongshijidantang
1037,大饼，又叫饼，家常饼，死面饼,热量：215 大卡(每100克),http://www.boohee.com/shiwu/dabing
1038,清蒸鱼,热量：105 大卡(每100克),http://www.boohee.com/shiwu/qingzhengyu
1039,酸菜鱼,热量：98 大卡(每100克),http://www.boohee.com/shiwu/suancaiyu
1040,寿司 自制1，又叫寿司卷,热量：141 大卡(每100克),http://www.boohee.com/shiwu/shousijuanhihifebruaryzizhi
1041,麻婆豆腐,热量：126 大卡(每100克),http://www.boohee.com/shiwu/mapodoufu
1042,烧包菜丝,热量：48 大卡(每100克),http://www.boohee.com/shiwu/shaobaocaisi
1043,酸辣粉,热量：98 大卡(每100克),http://www.boohee.com/shiwu/suanlafen
1044,青椒炒鸡蛋,热量：97 大卡(每100克),http://www.boohee.com/shiwu/qingjiaochaojidan
1045,素炒芹菜,热量：44 大卡(每100克),http://www.boohee.com/shiwu/suchaoqincai
1046,粽子,热量：195 大卡(每100克),http://www.boohee.com/shiwu/zizhizongzi
1047,椒油拌海带,热量：68 大卡(每100克),http://www.boohee.com/shiwu/jiaoyoubanhaidai
1048,烙玉米饼,热量：150 大卡(每100克),http://www.boohee.com/shiwu/laoyumibing
1049,蔬菜沙拉,热量：40 大卡(每100克),http://www.boohee.com/shiwu/shucaishala
1050,清炒卷心菜，又叫炒卷心菜,热量：46 大卡(每100克),http://www.boohee.com/shiwu/qingchaojuanxincai
1051,珍珠奶茶，又叫奶茶,热量：52 大卡(每100毫升),http://www.boohee.com/shiwu/zhenzhunaicha
1052,红烧鸡块,热量：224 大卡(每100克),http://www.boohee.com/shiwu/hongshaojikuai
1053,红卤鸡爪,热量：236 大卡(每100克),http://www.boohee.com/shiwu/honglujizhua
1054,扬州炒饭,热量：146 大卡(每100克),http://www.boohee.com/shiwu/yangzhoudanchaofan
1055,蛋挞，又叫蛋挞,热量：375 大卡(每100克),http://www.boohee.com/shiwu/danta
1056,炒土豆丝,热量：115 大卡(每100克),http://www.boohee.com/shiwu/chaotudousi
1057,牛肉包子,热量：216 大卡(每100克),http://www.boohee.com/shiwu/niuroubaozi
1058,炒面/炒粉,热量：194 大卡(每100克),http://www.boohee.com/shiwu/chaomian2
1059,韭菜炒绿豆芽,热量：30 大卡(每100克),http://www.boohee.com/shiwu/jiucaichaolvdouya
1060,千层饼，又叫瓤子饼,热量：269 大卡(每100克),http://www.boohee.com/shiwu/qiancengbing
1061,菜煎饼,热量：151 大卡(每100克),http://www.boohee.com/shiwu/caijianbing
1062,炒胡萝卜片,热量：61 大卡(每100克),http://www.boohee.com/shiwu/chaohuluobopian
1063,清炒油麦菜,热量：31 大卡(每100克),http://www.boohee.com/shiwu/qingchaoyoumaicai
1064,红烧豆腐,热量：84 大卡(每100克),http://www.boohee.com/shiwu/hongshaodoufu
1065,红烧茄子,热量：61 大卡(每100克),http://www.boohee.com/shiwu/hongshaoqiezi
1066,蒜茸海带,热量：51 大卡(每100克),http://www.boohee.com/shiwu/suanronghaidai
1067,烧花菜,热量：70 大卡(每100克),http://www.boohee.com/shiwu/shaohuacai
1068,黄瓜炒蛋,热量：51 大卡(每100克),http://www.boohee.com/shiwu/huangguachaodan
1069,清蒸蛋羹,热量：61 大卡(每100克),http://www.boohee.com/shiwu/qingzhengdangeng
1070,炒豇豆,热量：41 大卡(每100克),http://www.boohee.com/shiwu/chaojiangdou
1071,土豆烧肉,热量：173 大卡(每100克),http://www.boohee.com/shiwu/tudoushaorou
1072,辣椒清炒苦瓜,热量：39 大卡(每100克),http://www.boohee.com/shiwu/lajiaochaokugua
1073,炸花生米,热量：588 大卡(每100克),http://www.boohee.com/shiwu/zhahuashengmi
1074,洋白菜包子,热量：155 大卡(每100克),http://www.boohee.com/shiwu/yangbaicaibaozi
1075,寿司 自制2,热量：105 大卡(每100克),http://www.boohee.com/shiwu/shousi
1076,鱼香茄子,热量：86 大卡(每100克),http://www.boohee.com/shiwu/yuxiangqiezi
1077,核桃酥,热量：369 大卡(每100克),http://www.boohee.com/shiwu/hetaosu
1078,无糖银耳汤,热量：10 大卡(每100克),http://www.boohee.com/shiwu/wutangyinertang
1079,蒜拌绿豆芽,热量：42 大卡(每100克),http://www.boohee.com/shiwu/suanbanlvdouya
1080,凉拌海带丝,热量：42 大卡(每100克),http://www.boohee.com/shiwu/liangbanhaidaisi
1081,咖喱鸡块土豆,热量：102 大卡(每100克),http://www.boohee.com/shiwu/kalijikuaitudou
1082,素炒菜花,热量：58 大卡(每100克),http://www.boohee.com/shiwu/suchaocaihua
1083,肉片炒花菜,热量：71 大卡(每100克),http://www.boohee.com/shiwu/roupianchaocaihua
1084,韭菜炒鸡蛋,热量：94 大卡(每100克),http://www.boohee.com/shiwu/jiucaichaojidan2
1085,茶叶蛋，又叫茶叶蛋,热量：152 大卡(每100克),http://www.boohee.com/shiwu/wuxiangchadan
1086,丝瓜炒蛋,热量：94 大卡(每100克),http://www.boohee.com/shiwu/siguachaodan
1087,肉丝茭白,热量：90 大卡(每100克),http://www.boohee.com/shiwu/rousijiaobai
1088,虾仁蒸肠粉,热量：128 大卡(每100克),http://www.boohee.com/shiwu/xiarenzhengchangfen
1089,肉片炒青椒,热量：79 大卡(每100克),http://www.boohee.com/shiwu/roupianchaoqingjiao
1090,五香鸭肉,热量：262 大卡(每100克),http://www.boohee.com/shiwu/wuxiangyarou
1091,泡椒凤爪,热量：193 大卡(每100克),http://www.boohee.com/shiwu/paojiaofengzhua
1092,烤鸡翅,热量：204 大卡(每100克),http://www.boohee.com/shiwu/kaojichi
1093,青椒炒花菜,热量：62 大卡(每100克),http://www.boohee.com/shiwu/qingjiaochaohuacai
1094,无糖豆浆,热量：13 大卡(每100毫升),http://www.boohee.com/shiwu/zizhidoujiang_wutang
1095,赤豆粽子，又叫红豆粽子、红豆粽,热量：184 大卡(每100克),http://www.boohee.com/shiwu/chidouzongzi
1096,红烧鲫鱼,热量：141 大卡(每100克),http://www.boohee.com/shiwu/hongshaojiyu
1097,荞麦馒头,热量：218 大卡(每100克),http://www.boohee.com/shiwu/zizhiqiaomaimantou
1098,红豆包，又叫豆沙包;豆包;粘豆包,热量：224 大卡(每100克),http://www.boohee.com/shiwu/hongdoubao
1099,水煮鱼片,热量：122 大卡(每100克),http://www.boohee.com/shiwu/shuizhuyupian
1100,水煮花生米,热量：402 大卡(每100克),http://www.boohee.com/shiwu/shuizhuhuashengmi
